userId,movieId,rating,timestamp
1,1,5.0,847117005
1,2,3.0,847642142
1,10,3.0,847641896
1,32,4.0,847642008
1,34,4.0,847641956
1,47,3.0,847641956
1,50,4.0,847642073
1,62,4.0,847642105
1,150,4.0,847116751
1,153,3.0,847116787
1,160,3.0,847642008
1,161,4.0,847641896
1,165,4.0,847116787
1,185,3.0,847641919
1,208,3.0,847641919
1,253,3.0,847641919
1,265,5.0,847642048
1,266,3.0,847642118
1,288,5.0,847641938
1,292,4.0,847116936
1,296,5.0,847116752
1,300,5.0,847641973
1,316,3.0,847116893
1,318,5.0,847116937
1,329,4.0,847116936
1,344,3.0,847116787
1,349,4.0,847116893
1,350,4.0,847642142
1,356,5.0,847116893
1,357,4.0,847641988
1,364,4.0,847641938
1,367,4.0,847641956
1,377,3.0,847641938
1,380,4.0,847116753
1,434,3.0,847116936
1,454,4.0,847641938
1,457,4.0,847116787
1,480,5.0,847116936
1,500,3.0,847641956
1,508,5.0,847642073
1,509,4.0,847642048
1,515,5.0,847642091
1,539,3.0,847641988
1,588,4.0,847116787
1,589,3.0,847641938
1,592,3.0,847116750
1,597,4.0,847641973
1,648,5.0,848565823
2,1,3.0,833971988
2,2,3.0,833972306
2,11,3.0,833972269
2,17,5.0,833972306
2,19,4.0,833972107
2,21,3.0,833972077
2,34,5.0,833972077
2,39,3.0,833972138
2,47,2.0,833972077
2,95,3.0,833972269
2,150,4.0,833971704
2,153,3.0,833971811
2,160,3.0,833972138
2,161,4.0,833971947
2,165,2.0,833971811
2,173,2.0,833972172
2,185,3.0,833971988
2,186,3.0,833972269
2,196,2.0,833972241
2,208,3.0,833971988
2,225,3.0,833972077
2,231,3.0,833971888
2,236,4.0,833972172
2,252,3.0,833972241
2,253,4.0,833971988
2,266,4.0,833972107
2,282,4.0,833972172
2,288,1.0,833971988
2,293,3.0,833972306
2,300,4.0,833972037
2,317,5.0,833972077
2,318,5.0,833971888
2,329,3.0,833971888
2,337,4.0,833972172
2,339,4.0,833971947
2,344,4.0,833971811
2,349,4.0,833971811
2,364,5.0,833972241
2,367,5.0,833972306
2,410,3.0,833972037
2,420,5.0,833972107
2,432,4.0,833972138
2,434,4.0,833971947
2,454,5.0,833972242
2,457,5.0,833972037
2,553,5.0,833972241
2,588,4.0,833971811
2,590,4.0,833971704
2,593,5.0,833972037
2,595,5.0,833971888
3,163,4.5,1111981513
3,172,2.0,1111981545
3,260,5.0,1111982680
3,370,4.0,1111981466
3,432,3.0,1111981411
3,466,3.0,1111981458
3,502,3.5,1111982333
3,832,3.5,1111981434
3,919,5.0,1111982712
4,32,4.5,1294768736
4,163,3.0,1294768511
4,172,3.0,1294768534
4,315,3.0,1294768583
4,318,5.0,1294768757
4,370,3.0,1294768485
4,435,2.0,1294768505
4,555,4.0,1294768481
4,805,4.0,1294768552
5,1,4.0,1040175819
5,5,3.0,1041555250
5,6,4.0,1040175782
5,11,4.0,1040177817
5,14,4.0,1041553811
5,16,5.0,1040175620
5,21,5.0,1041553954
5,32,5.0,1040175739
5,39,4.0,1040449199
5,45,4.0,1040449041
5,47,5.0,1040449396
5,50,5.0,1040447967
5,52,5.0,1040176548
5,89,3.0,1041555524
5,105,5.0,1041555655
5,110,4.0,1040175397
5,111,5.0,1040174631
5,141,5.0,1041555454
5,150,4.0,1040175308
5,151,4.0,1040178448
5,161,4.0,1040449772
5,162,5.0,1040175416
5,171,5.0,1040449598
5,175,4.0,1041553954
5,180,4.0,1040174304
5,194,5.0,1040177461
5,223,5.0,1040174284
5,225,3.0,1040178022
5,231,2.0,1040178060
5,235,4.0,1040448601
5,253,5.0,1041555276
5,260,3.0,1040175191
5,265,4.0,1040175948
5,272,4.0,1040175397
5,282,4.0,1041555484
5,296,5.0,1040174763
5,299,3.0,1040176295
5,300,5.0,1040448691
5,318,5.0,1040175135
5,321,5.0,1040174587
5,322,4.0,1040176279
5,337,4.0,1040448640
5,345,5.0,1040176682
5,349,4.0,1041554101
5,353,4.0,1041555327
5,356,2.0,1041554822
5,363,5.0,1040176497
5,364,3.0,1041554726
5,367,4.0,1040178107
5,373,5.0,1040176803
5,377,4.0,1040177461
5,380,3.0,1041555061
5,428,4.0,1040175805
5,431,4.0,1040178123
5,441,4.0,1040177406
5,446,4.0,1040176466
5,457,3.0,1040449260
5,471,5.0,1040177238
5,477,5.0,1041554054
5,480,4.0,1041554701
5,486,2.0,1040447891
5,488,5.0,1040178503
5,491,4.0,1041555362
5,508,5.0,1040177358
5,509,5.0,1040176937
5,515,4.0,1040449139
5,527,5.0,1040448300
5,532,4.0,1041555961
5,538,5.0,1040177724
5,539,3.0,1041555939
5,541,5.0,1040174617
5,551,4.0,1040177057
5,553,3.0,1041554330
5,581,5.0,1040448492
5,585,3.0,1041554840
5,588,4.0,1041555176
5,589,4.0,1040177057
5,590,4.0,1041553695
5,592,4.0,1040176426
5,593,5.0,1040174806
5,594,5.0,1040177126
5,595,3.0,1041554553
5,596,3.0,1040177282
5,597,3.0,1041555585
5,599,3.0,1040448580
5,608,5.0,1040174475
5,610,4.0,1041555759
5,628,4.0,1040178367
5,648,4.0,1041554726
5,663,4.0,1040176820
5,671,4.0,1040178431
5,708,4.0,1041555550
5,722,5.0,1040178267
5,733,3.0,1041554822
5,750,5.0,1040447950
5,766,5.0,1040177854
5,778,5.0,1040175291
5,832,4.0,1041554971
5,851,5.0,1040449480
5,858,5.0,1040174349
5,897,3.0,1041556044
5,898,4.0,1040448092
5,899,3.0,1040174602
5,900,3.0,1040448832
5,902,4.0,1040448816
5,903,5.0,1040174617
5,904,5.0,1040174396
5,905,3.0,1040448005
5,908,5.0,1040174206
5,909,3.0,1041552877
5,910,5.0,1040448109
5,911,4.0,1040176380
5,912,4.0,1040447967
5,913,4.0,1040174497
5,914,3.0,1040449015
5,915,4.0,1040175709
5,916,3.0,1040448517
5,918,2.0,1041552970
5,919,5.0,1040174617
5,920,5.0,1040176135
5,921,4.0,1040175077
5,922,5.0,1040448005
5,923,5.0,1040174349
5,924,5.0,1040174722
5,926,3.0,1040174564
5,927,4.0,1040176737
5,928,5.0,1040175191
5,930,4.0,1040448151
5,931,4.0,1041553014
5,933,4.0,1040448912
5,934,4.0,1040177535
5,938,4.0,1041553794
5,940,3.0,1040174564
5,941,3.0,1041553552
5,942,4.0,1041552710
5,943,4.0,1041553173
5,944,3.0,1040176820
5,945,4.0,1041553265
5,946,3.0,1041553842
5,947,4.0,1041552890
5,948,5.0,1040177645
5,949,5.0,1040174676
5,950,3.0,1040447937
5,951,4.0,1040174775
5,952,4.0,1040176153
5,953,2.0,1040176279
5,954,3.0,1040448456
5,955,3.0,1040174832
5,965,3.0,1040174514
5,968,3.0,1040175460
5,969,5.0,1040448374
5,971,4.0,1040174722
5,982,3.0,1040178267
6,1,4.0,1206786881
6,2,3.0,1206787921
6,6,4.0,1206787694
6,10,4.0,1206787238
6,16,4.0,1206788269
6,19,3.0,1206787998
6,21,4.0,1349628203
6,39,3.0,1382167727
6,47,4.0,1206787074
6,50,4.0,1227218624
6,62,4.0,1206787859
6,63,3.0,1227220413
6,70,3.5,1227219453
6,72,3.0,1227220410
6,104,4.0,1206788351
6,111,4.0,1206787933
6,145,4.0,1206786558
6,153,3.0,1206787115
6,165,3.5,1206787058
6,215,5.0,1206788686
6,223,4.0,1349626646
6,231,3.0,1206787276
6,260,4.0,1206787233
6,293,5.0,1206787874
6,316,2.5,1227470721
6,318,5.0,1206786951
6,344,2.5,1218232360
6,353,4.0,1232886820
6,356,4.0,1227219313
6,364,3.0,1218232353
6,367,2.5,1206787194
6,368,4.0,1349628258
6,377,3.5,1206786970
6,380,3.5,1206787089
6,413,3.5,1206786658
6,420,3.5,1206788182
6,434,3.0,1206787505
6,442,4.0,1230583764
6,454,3.5,1206787380
6,466,3.0,1206786517
6,480,3.5,1206786873
6,500,3.0,1206787216
6,520,2.5,1206786527
6,553,3.5,1206788274
6,586,3.5,1349628182
6,588,4.0,1206786904
6,589,4.0,1206787010
6,592,4.0,1206786869
6,595,3.0,1349628153
6,608,3.0,1240947585
6,628,4.0,1239395073
6,648,4.0,1206787145
6,733,5.0,1206787208
6,736,3.0,1206787299
6,750,4.0,1206788131
6,778,4.0,1227218886
6,780,5.0,1206786948
6,788,3.0,1206787805
6,832,3.5,1206788163
6,852,3.5,1227219086
6,858,4.0,1206787316
6,953,5.0,1227219411
7,50,4.5,1149269821
7,58,3.5,1149269656
7,112,4.5,1149269593
7,520,4.0,1149269715
7,745,4.5,1149269857
8,1,3.0,1361982109
8,2,2.5,1361982493
8,6,3.0,1361982447
8,10,2.5,1361898644
8,16,4.5,1361982696
8,18,4.0,1362003733
8,19,2.0,1361981698
8,21,2.5,1393534462
8,24,3.5,1362003259
8,25,3.5,1362422287
8,29,4.5,1361981827
8,32,4.0,1361542119
8,34,2.5,1361982375
8,47,4.5,1361982285
8,50,4.5,1393629257
8,70,3.5,1362001605
8,110,3.0,1361982185
8,111,4.5,1361982106
8,153,2.5,1361982318
8,163,3.5,1362001270
8,165,4.0,1361981694
8,170,2.0,1361981822
8,172,4.0,1362001567
8,173,4.0,1362001251
8,208,4.5,1361981686
8,231,3.0,1361982359
8,235,3.0,1361898860
8,253,4.0,1361982410
8,256,1.5,1393536741
8,260,4.0,1361982256
8,261,2.5,1393536682
8,288,4.5,1361981683
8,292,3.0,1393536009
8,293,5.0,1361982046
8,296,4.5,1362001053
8,316,3.0,1361981683
8,318,4.0,1361541739
8,319,4.0,1362475689
8,327,3.5,1362003406
8,344,2.5,1361982291
8,345,2.5,1362001703
8,353,4.5,1361982749
8,356,4.5,1361982251
8,357,3.0,1361982421
8,364,2.5,1361982304
8,367,2.5,1361898629
8,368,3.0,1393536299
8,370,3.5,1362001258
8,377,3.0,1361982294
8,380,3.0,1361982277
8,413,3.0,1362003612
8,420,2.0,1362001234
8,428,4.0,1362408910
8,434,4.0,1361982425
8,435,2.5,1393536426
8,442,4.0,1361898626
8,455,2.5,1362002466
8,457,2.5,1393535517
8,466,3.0,1362001530
8,480,4.0,1361898624
8,485,2.5,1362001543
8,500,2.0,1361982332
8,509,4.0,1361982704
8,520,2.0,1362001246
8,527,4.0,1361541747
8,541,4.0,1361898421
8,551,4.5,1361982023
8,586,2.0,1393535998
8,589,4.0,1361542079
8,590,4.5,1361982274
8,592,4.0,1361982264
8,593,4.5,1361898552
8,597,3.0,1361982370
8,608,4.0,1361898622
8,610,2.0,1361541295
8,648,3.5,1361982297
8,733,3.5,1361982371
8,737,2.5,1361541565
8,741,4.0,1394357334
8,743,2.5,1362003474
8,750,4.5,1361982490
8,778,5.0,1361981661
8,780,3.0,1361982263
8,784,2.0,1393536393
8,786,3.5,1361982699
8,788,1.5,1361982657
8,832,3.5,1362001266
8,839,4.0,1361541574
8,858,4.5,1361541742
8,912,3.5,1361541751
8,923,3.0,1361981802
8,924,4.0,1361898494
9,17,3.0,966909753
9,32,2.0,966909693
9,34,5.0,966909753
9,36,4.0,966909582
9,39,2.0,966909808
9,43,3.0,970889489
9,50,5.0,966909582
9,110,5.0,966909716
9,150,4.0,966909753
9,223,3.0,970889175
9,235,4.0,966909627
9,247,3.0,966909558
9,253,4.0,966907350
9,265,3.0,966909664
9,300,3.0,966909808
9,318,5.0,966909512
9,407,4.0,970889359
9,428,3.0,966909808
9,434,3.0,966907813
9,481,4.0,966907601
9,482,4.0,966907500
9,527,4.0,966906979
9,555,4.0,966909847
9,562,4.0,966909716
9,593,5.0,966909526
9,608,4.0,966907389
9,671,1.0,966909788
9,780,3.0,966907423
9,785,3.0,970889359
9,898,5.0,966909411
9,902,3.0,966906958
9,903,4.0,966908666
9,904,5.0,966908666
9,908,5.0,966908638
9,915,5.0,966909211
9,923,4.0,966909349
9,930,5.0,966909362
9,932,5.0,966909258
9,948,3.0,966909275
9,949,4.0,966908666
9,951,5.0,966909387
9,956,4.0,966907423
10,207,3.5,1117607953
10,595,3.5,1118025737
10,596,4.0,1117607807
10,832,4.0,1117607755
10,851,2.0,1118025686
10,899,4.5,1117607856
11,1,3.0,997878562
11,2,2.0,940892511
11,6,3.0,997786169
11,10,2.0,997786062
11,14,2.0,997786663
11,17,4.0,943174551
11,21,3.0,997786062
11,32,1.0,997878669
11,34,5.0,943174551
11,44,3.0,942313044
11,48,3.0,997877826
11,50,3.0,997878670
11,70,3.0,942312620
11,112,2.0,997878049
11,144,3.0,977036724
11,150,3.0,997638649
11,151,4.0,943174824
11,153,2.0,997638738
11,160,1.0,997762814
11,163,3.0,942313044
11,165,2.0,997762885
11,180,3.0,997786442
11,181,2.0,997786525
11,185,2.0,940544701
11,196,2.0,940544752
11,208,1.0,942313214
11,223,3.0,997762683
11,230,3.0,943175348
11,253,2.0,997786270
11,256,2.0,940544752
11,260,4.0,1041384642
11,273,1.0,997786525
11,293,3.0,940545356
11,296,4.0,940545355
11,300,3.0,997877937
11,313,3.0,997878445
11,316,2.0,940544700
11,318,4.0,955809354
11,329,2.0,997878367
11,346,3.0,942313862
11,348,4.0,984810922
11,349,3.0,997762683
11,353,3.0,997762814
11,364,3.0,940893102
11,367,2.0,940892424
11,368,2.0,997786525
11,377,3.0,997878367
11,379,2.0,940544700
11,380,3.0,997878670
11,417,3.0,997878899
11,426,3.0,997638840
11,434,1.0,997762683
11,442,2.0,997762814
11,454,2.0,997763075
11,457,4.0,997763076
11,464,3.0,942313352
11,471,1.0,997786169
11,474,3.0,997786270
11,480,3.0,997786352
11,481,1.0,943174824
11,485,2.0,997786352
11,490,2.0,977036692
11,492,3.0,1010519999
11,509,3.0,997877826
11,515,3.0,997877937
11,517,2.0,942313306
11,529,3.0,997878158
11,533,2.0,997878159
11,535,2.0,997878273
11,541,3.0,997638840
11,551,3.0,997786663
11,552,2.0,942313270
11,555,3.0,997878670
11,588,4.0,940893042
11,589,4.0,940544292
11,590,3.0,997762815
11,592,4.0,942312795
11,593,3.0,997878273
11,594,3.0,997878273
11,595,5.0,940893042
11,596,3.0,997877826
11,608,4.0,943174678
11,616,2.0,997638650
11,648,3.0,942312795
11,653,2.0,940892541
11,661,3.0,997786270
11,671,3.0,997786663
11,673,1.0,940892541
11,720,4.0,997878670
11,733,2.0,997878049
11,736,1.0,997878670
11,745,4.0,997762683
11,750,4.0,955809407
11,780,2.0,940544343
11,783,3.0,940893202
11,786,2.0,997762975
11,788,3.0,997786663
11,799,3.0,942614702
11,804,2.0,997878273
11,832,2.0,997877937
11,836,1.0,997762683
11,858,3.0,1010519683
11,861,3.0,997878445
11,898,4.0,955809892
11,899,4.0,997878273
11,903,3.0,997878671
11,904,4.0,1021812310
11,908,5.0,944388722
11,909,4.0,944389368
11,910,4.0,955809309
11,912,4.0,940545198
11,913,4.0,997786442
11,914,3.0,1010520058
11,916,4.0,1021812347
11,919,4.0,997878758
11,923,4.0,940545356
11,924,3.0,940544292
11,928,3.0,997877937
11,929,4.0,955809502
11,940,3.0,997638529
11,943,3.0,997786063
11,944,3.0,997786442
11,947,3.0,997786664
11,953,4.0,997786271
11,954,4.0,997786525
11,965,4.0,1028403203
11,969,4.0,942312569
11,973,3.0,1010520000
12,44,3.0,848958744
12,95,3.0,848958706
12,135,5.0,848959058
12,153,4.0,848958562
12,189,3.0,848959363
12,191,3.0,848959058
12,230,3.0,848958839
12,253,4.0,848958618
12,277,4.0,848958798
12,292,5.0,848958593
12,296,4.0,848958535
12,316,3.0,848958575
12,317,3.0,848958679
12,327,2.0,848958879
12,329,3.0,848958593
12,344,2.0,848958562
12,345,1.0,848958891
12,355,1.0,848958784
12,356,3.0,848958575
12,357,3.0,848958667
12,368,3.0,848958735
12,377,5.0,848958618
12,405,2.0,848959019
12,434,3.0,848958593
12,435,3.0,848958690
12,454,3.0,848958618
12,466,2.0,848958784
12,475,3.0,848958879
12,480,5.0,848958593
12,500,3.0,848958628
12,533,4.0,848958979
12,550,3.0,848959003
12,551,3.0,848958735
12,587,4.0,848958647
12,589,5.0,848958618
12,592,4.0,848958535
12,594,3.0,848958772
12,597,1.0,848958647
12,610,5.0,848958855
12,613,3.0,848959308
12,616,3.0,848958866
12,736,2.0,848958716
12,748,3.0,848959189
12,761,5.0,848959189
12,780,5.0,848958725
12,921,3.0,848959460
13,5,3.5,1225229442
13,110,2.5,1272898896
13,180,5.0,1225229789
13,196,4.0,1225229498
13,260,3.0,1272898891
13,261,1.0,1225229630
13,296,3.5,1272898886
13,318,3.5,1272898893
13,356,3.0,1272898881
13,432,3.0,1225229452
13,457,1.5,1272898899
13,466,2.0,1225229458
13,471,2.5,1225229592
13,543,5.0,1225229493
13,593,4.0,1272898888
13,661,3.5,1225229636
14,2,4.0,842119824
14,11,4.0,842119583
14,19,3.0,842119311
14,21,4.0,842119349
14,32,4.0,842119487
14,47,3.0,842119268
14,50,3.0,842119349
14,141,5.0,842119903
14,150,5.0,842118959
14,153,3.0,842119011
14,196,3.0,842119824
14,204,2.0,842119903
14,236,3.0,842119583
14,252,4.0,842119858
14,292,3.0,842119111
14,296,4.0,842118960
14,300,5.0,842119267
14,316,5.0,842119053
14,329,3.0,842119111
14,339,4.0,842119166
14,344,3.0,842119011
14,349,5.0,842119010
14,356,3.0,842119166
14,357,5.0,842119537
14,364,4.0,842119267
14,367,4.0,842119311
14,377,4.0,842119311
14,380,4.0,842118961
14,432,3.0,842119537
14,457,5.0,842119053
14,480,4.0,842119218
14,500,4.0,842119349
14,539,5.0,842119487
14,588,4.0,842119010
14,589,4.0,842119267
14,592,4.0,842118958
14,593,5.0,842119053
14,595,4.0,842119053
15,1,4.0,1422651687
15,318,4.0,1422651516
15,356,3.0,1422651635
16,303,2.5,1355604031
16,610,2.0,1355603993
17,605,3.0,1337190535
17,858,5.0,1337193790
17,904,4.0,1337193807
17,934,3.0,1337190474
18,10,5.0,837848698
18,44,3.0,837848864
18,141,4.0,837848849
18,153,3.0,837848642
18,161,5.0,837848686
18,231,3.0,837848664
18,296,4.0,837848621
18,329,4.0,837848664
18,349,4.0,837848642
18,364,4.0,837848729
18,434,3.0,837848686
18,442,3.0,837848837
18,457,5.0,837848686
18,480,3.0,837848729
18,539,3.0,837848803
18,586,2.0,837848803
18,588,3.0,837848642
18,589,3.0,837848769
18,590,3.0,837848621
18,592,3.0,837848621
18,593,4.0,837848686
18,595,3.0,837848664
18,597,3.0,837848816
19,12,3.0,940153823
19,25,4.0,940155433
19,70,3.0,940152329
19,152,3.0,940153823
19,177,4.0,940153273
19,188,3.0,940152329
19,220,3.0,940151853
19,253,4.0,940152329
19,273,3.0,940152461
19,318,3.0,940155293
19,330,2.0,940153273
19,366,3.0,940153273
19,382,2.0,940152614
19,407,3.0,940153273
19,426,4.0,940153404
19,527,5.0,940155546
19,532,3.0,940153145
19,565,3.0,940153145
19,608,4.0,940155433
19,610,3.0,940153145
19,724,3.0,940153145
19,735,4.0,940153005
19,799,3.0,940151853
19,800,3.0,940155546
19,924,5.0,940155725
19,968,4.0,940151853
20,750,5.0,1401286658
20,858,5.0,1401286664
20,904,5.0,1401286730
20,908,5.0,1401286707
20,910,4.0,1401286738
20,912,5.0,1401286636
20,926,4.0,1401286618
20,953,5.0,1401286686
20,954,5.0,1401286166
20,969,4.0,1401286613
21,512,4.0,950912206
21,593,5.0,949097567
21,594,4.0,1089155125
22,1,3.5,1146842125
22,150,3.5,1146842118
22,153,3.5,1146842148
22,260,3.5,1146842000
22,355,2.0,1146841855
22,356,3.0,1146842104
22,370,3.0,1146841715
22,480,3.0,1146842107
22,520,3.5,1146841755
22,592,3.5,1146842115
22,595,3.5,1146841952
22,780,3.5,1146842128
23,10,5.0,837530693
23,19,4.0,837530746
23,110,5.0,837530712
23,150,5.0,837530599
23,153,3.0,837530632
23,160,4.0,837530761
23,161,5.0,837530675
23,165,4.0,837530632
23,173,5.0,837530788
23,185,2.0,837530693
23,208,4.0,837530694
23,225,5.0,837530727
23,231,3.0,837530656
23,253,3.0,837530693
23,292,4.0,837530675
23,296,2.0,837530599
23,316,4.0,837530656
23,318,5.0,837530656
23,329,3.0,837530656
23,349,5.0,837530632
23,356,5.0,837530727
23,364,5.0,837530746
23,367,3.0,837530746
23,410,2.0,837530712
23,420,5.0,837530761
23,434,5.0,837530675
23,435,3.0,837530775
23,454,5.0,837530727
23,457,4.0,837530676
23,480,5.0,837530727
23,500,3.0,837530788
23,527,5.0,837530801
23,587,5.0,837530801
23,589,5.0,837530761
23,590,5.0,837530599
23,592,5.0,837530599
23,593,5.0,837530675
24,1,4.0,1227219047
24,6,4.0,1227219521
24,16,0.5,1227219917
24,17,3.5,1227219317
24,31,1.0,1227217440
24,34,3.5,1227219430
24,36,2.5,1227219137
24,50,4.5,1227217541
24,62,3.0,1227218939
24,105,1.0,1227217374
24,110,3.5,1227218653
24,249,2.0,1227219178
24,260,0.5,1227220636
24,261,1.0,1227217399
24,300,3.0,1227219716
24,318,4.5,1227217536
24,337,3.0,1227220212
24,348,3.5,1227220283
24,356,4.5,1227218071
24,457,2.5,1227218125
24,474,1.5,1227217883
24,475,2.0,1227217445
24,508,4.0,1227217914
24,538,3.5,1227220624
24,589,3.5,1227219783
24,590,3.0,1227217946
24,593,3.5,1227219024
24,628,2.5,1227217349
24,733,3.5,1227219307
24,762,0.5,1227217404
24,838,2.5,1227219155
24,852,1.5,1227217354
24,858,1.0,1227217602
24,899,2.5,1227217455
24,912,1.0,1227217561
24,914,4.0,1227219687
24,953,4.5,1227220052
24,954,4.0,1227219684
25,239,3.0,1334628909
25,296,4.5,1334628965
25,356,4.0,1334629410
25,364,4.5,1335395411
25,457,3.5,1334629507
25,480,3.5,1335395445
25,541,3.0,1334629052
25,608,4.0,1334629251
25,750,5.0,1334629070
25,924,4.0,1334629047
25,953,3.0,1334629368
26,6,4.0,892779338
26,17,5.0,895408703
26,25,4.0,892779338
26,32,4.0,892779310
26,36,4.0,892779338
26,39,2.0,910455230
26,70,4.0,905334210
26,79,2.0,894813793
26,81,3.0,892779367
26,104,4.0,904188419
26,110,4.0,895932867
26,111,4.0,900480524
26,156,4.0,892779338
26,165,3.0,905334334
26,224,3.0,895932812
26,260,4.0,892779338
26,280,4.0,908423294
26,292,3.0,905334334
26,296,5.0,905334476
26,300,3.0,905334652
26,306,4.0,905334652
26,318,5.0,905334476
26,368,3.0,905334334
26,377,4.0,905334293
26,380,4.0,905334285
26,442,3.0,905334250
26,457,4.0,905334148
26,475,4.0,905334652
26,480,3.0,905334178
26,485,3.0,912835425
26,507,3.0,905334210
26,555,4.0,905334148
26,589,4.0,905334148
26,590,3.0,905334476
26,593,5.0,905334476
26,608,5.0,892779310
26,628,4.0,892779367
26,648,4.0,892779338
26,778,5.0,892779310
26,780,2.0,905334285
26,852,1.0,885881280
26,899,4.0,905334178
26,924,4.0,905334431
27,13,4.0,838375492
27,16,4.0,838311985
27,19,3.0,838311653
27,26,4.0,838374946
27,34,4.0,838311631
27,48,4.0,838311838
27,105,4.0,838311880
27,110,5.0,838311606
27,150,4.0,838311489
27,153,3.0,838375289
27,158,3.0,838311820
27,161,3.0,838311573
27,262,4.0,838375666
27,277,3.0,838311880
27,292,3.0,838311573
27,317,4.0,838311653
27,329,4.0,838311555
27,344,2.0,838311526
27,355,3.0,838311931
27,356,4.0,838311606
27,364,5.0,838311630
27,370,3.0,838312017
27,410,3.0,838311605
27,421,4.0,838375106
27,455,5.0,838374609
27,466,3.0,838312051
27,480,4.0,838311630
27,491,3.0,838375054
27,500,5.0,838311704
27,527,5.0,838311704
27,539,3.0,838311729
27,551,3.0,838311858
27,553,4.0,838311754
27,575,4.0,838375147
27,585,3.0,838311894
27,586,3.0,838311729
27,587,5.0,838311729
27,588,4.0,838311526
27,590,5.0,838311489
27,592,3.0,838375406
27,594,5.0,838312051
27,595,4.0,838311555
27,596,4.0,838375006
27,597,3.0,838311754
27,631,3.0,838375270
27,688,3.0,838375006
28,47,5.0,975105620
28,70,1.0,975105470
28,111,5.0,975105547
28,223,5.0,975107172
28,233,4.0,975108025
28,541,5.0,975106999
29,6,3.0,835501543
29,7,3.0,835501560
29,9,3.0,835501543
29,10,5.0,835501499
29,11,3.0,835502625
29,14,3.0,835501924
29,30,4.0,835501791
29,36,5.0,835501755
29,47,5.0,835502560
29,50,5.0,835502443
29,62,4.0,835501823
29,70,3.0,835501898
29,95,3.0,835501898
29,110,4.0,835502469
29,117,3.0,835501844
29,150,4.0,835501418
29,153,3.0,835501445
29,161,3.0,835501500
29,165,3.0,835501445
29,200,3.0,835502398
29,214,5.0,835502521
29,231,3.0,835501473
29,280,3.0,835502540
29,290,4.0,835502469
29,292,4.0,835501499
29,296,5.0,835501418
29,306,4.0,835502597
29,316,3.0,835501473
29,318,5.0,835501473
29,339,4.0,835501499
29,344,2.0,835501445
29,349,3.0,835501445
29,356,4.0,835502469
29,373,3.0,835502583
29,377,3.0,835502625
29,380,4.0,835501418
29,394,3.0,835502678
29,434,5.0,835501499
29,456,4.0,835502727
29,457,4.0,835502469
29,474,3.0,835502560
29,475,5.0,835502469
29,497,4.0,835502583
29,508,4.0,835502501
29,515,5.0,835502560
29,588,3.0,835501445
29,590,4.0,835501418
29,592,3.0,835501418
29,593,5.0,835502443
29,632,4.0,835501791
29,638,4.0,835502005
29,641,1.0,835502231
29,648,4.0,835501805
29,649,4.0,835501984
29,665,4.0,835501772
29,712,3.0,835502060
29,718,4.0,835501861
29,736,4.0,835501823
29,768,1.0,835502200
30,34,4.0,955125491
30,111,5.0,955125238
30,296,3.0,955125372
30,428,3.0,955125561
30,527,4.0,955125147
30,541,4.0,955125656
30,592,5.0,955126123
30,593,5.0,955125459
30,608,5.0,955125439
30,858,5.0,955125063
30,923,4.0,955125097
30,986,5.0,955125561
31,1,4.0,1170434503
31,2,3.5,1170434652
31,32,4.0,1170434946
31,47,4.0,1170435620
31,50,4.0,1170349106
31,62,3.5,1170350479
31,110,3.0,1170349136
31,112,4.0,1170435269
31,164,3.5,1170348858
31,172,4.0,1170435092
31,198,4.0,1170435061
31,208,3.5,1170435100
31,223,4.5,1170435700
31,249,3.5,1170348827
31,253,4.0,1170434597
31,260,4.5,1170349262
31,293,4.5,1170435617
31,296,4.0,1170435607
31,316,3.5,1170435079
31,318,4.5,1170349164
31,329,4.0,1170435051
31,338,3.0,1170348871
31,353,5.0,1170349895
31,356,4.0,1170435749
31,364,3.0,1170350469
31,377,4.0,1170435863
31,434,2.5,1170350477
31,454,3.0,1170350464
31,480,4.0,1170435012
31,491,3.5,1170348808
31,502,3.5,1170435292
31,514,3.0,1170348852
31,527,5.0,1170349253
31,541,4.5,1170349122
31,587,3.5,1170434644
31,589,4.0,1170350459
31,592,4.0,1170349998
31,593,3.5,1170349179
31,671,4.0,1170348776
31,704,3.0,1170435279
31,741,3.5,1170350236
31,780,3.5,1170435046
31,799,3.5,1170348803
31,839,2.0,1170349902
31,858,5.0,1170350481
31,903,3.0,1170362525
31,904,4.5,1170350842
31,908,4.0,1170350858
31,909,5.0,1170351511
31,910,4.0,1170351527
31,912,5.0,1170350850
31,913,5.0,1170350877
31,919,4.0,1170349873
31,922,4.0,1170362474
31,923,2.0,1170351551
31,924,2.0,1170434942
31,953,4.5,1170349823
31,969,4.5,1170349856
32,3,2.0,858717623
32,5,3.0,858717623
32,6,4.0,858717623
32,7,3.0,858717623
32,25,3.0,858717344
32,32,5.0,858717344
32,36,3.0,858717622
32,95,3.0,858717344
32,104,3.0,858717706
32,112,3.0,858717705
32,260,3.0,858717705
32,376,3.0,858717705
32,608,4.0,858717623
32,648,3.0,858717344
32,733,4.0,858717623
32,762,1.0,858718198
32,780,3.0,858717344
32,805,4.0,858718198
32,858,5.0,859220332
33,468,4.0,1197643632
33,485,2.5,1197643583
33,524,4.5,1197643697
34,65,4.0,1278807330
34,69,2.5,1278807388
34,267,1.5,1278807800
34,379,0.5,1278807291
35,1,4.0,1193293245
35,29,5.0,1193897069
35,32,4.0,1193293592
35,50,5.0,1193293612
35,107,4.0,1193293126
35,110,3.5,1193293489
35,153,3.5,1193293713
35,260,4.0,1193293666
35,296,5.0,1193293455
35,318,5.0,1193293260
35,356,4.5,1193293523
35,364,4.0,1193293692
35,480,3.5,1193293334
35,500,5.0,1193293729
35,527,4.0,1193293336
35,541,3.5,1193293838
35,588,4.5,1193293621
35,593,4.5,1193293258
35,595,3.5,1193293589
35,750,5.0,1193293832
35,780,3.0,1193293580
35,858,4.5,1193293557
35,898,4.5,1193293128
35,904,4.0,1193293825
35,955,5.0,1193294038
36,10,3.0,840872001
36,150,5.0,840871576
36,153,3.0,840871647
36,161,5.0,840871716
36,165,4.0,840871646
36,185,3.0,840872001
36,231,2.0,840871674
36,300,4.0,840872129
36,318,5.0,840871716
36,339,3.0,840871946
36,344,1.0,840871647
36,349,5.0,840871647
36,356,5.0,840871946
36,364,3.0,840872068
36,377,5.0,840872129
36,434,3.0,840871946
36,454,4.0,840872068
36,457,5.0,840871674
36,480,4.0,840872001
36,588,3.0,840871647
36,590,4.0,840871576
36,592,3.0,840871575
36,595,4.0,840871674
37,1,3.5,1086817531
37,6,4.5,1086783108
37,10,3.0,1086816645
37,27,3.0,1087272735
37,32,4.0,1086784355
37,47,3.5,1086784023
37,50,4.0,1086783403
37,70,3.5,1087272618
37,97,4.0,1095218285
37,110,3.0,1087272638
37,111,4.0,1086783624
37,123,5.0,1087272822
37,158,2.5,1086782526
37,161,4.0,1086817534
37,180,3.5,1087272658
37,208,2.5,1088142924
37,223,4.0,1086782736
37,235,4.0,1086783481
37,241,1.5,1092534305
37,253,2.5,1086784894
37,260,4.5,1086783763
37,292,3.0,1086817147
37,293,4.0,1086784064
37,318,4.0,1086783822
37,329,2.5,1086816643
37,349,3.5,1088142873
37,380,2.5,1086817478
37,393,2.0,1097277096
37,431,4.0,1086783368
37,457,3.5,1093784428
37,480,3.0,1097276812
37,485,3.0,1093784332
37,509,3.0,1088142968
37,527,4.0,1086783720
37,541,3.0,1086784672
37,586,2.0,1087273068
37,587,3.0,1086816471
37,589,3.5,1086784156
37,590,3.5,1087273201
37,593,4.0,1086783634
37,597,3.0,1086817498
37,608,4.0,1086783565
37,733,3.0,1086817435
37,741,3.0,1086783986
37,750,3.5,1086782686
37,754,2.5,1092534286
37,780,2.5,1087273244
37,858,4.0,1086783469
37,908,4.0,1087935876
37,928,4.0,1102825467
38,1,4.0,1137849858
38,21,4.0,1137850282
38,25,2.5,1142892895
38,32,4.5,1138474167
38,39,3.5,1137850342
38,47,4.5,1138474092
38,50,4.5,1138476766
38,70,4.5,1138476837
38,76,4.0,1138496161
38,95,4.0,1138481661
38,110,3.0,1138475062
38,111,2.5,1138476851
38,145,4.0,1137850248
38,150,2.0,1137849820
38,163,3.0,1142893556
38,165,4.0,1138474471
38,168,3.0,1137720442
38,173,4.5,1138476874
38,177,4.0,1138500130
38,180,5.0,1137720687
38,185,2.0,1137850261
38,196,2.5,1138495511
38,198,4.0,1138481524
38,208,3.0,1137850258
38,223,4.5,1137720843
38,253,3.0,1138474442
38,260,4.5,1137853371
38,261,0.5,1138481571
38,273,4.0,1138495524
38,277,2.0,1142892810
38,280,2.5,1137720796
38,292,3.0,1137850254
38,296,5.0,1138475009
38,316,4.5,1137850242
38,317,3.5,1142892866
38,318,4.5,1137849827
38,327,5.0,1138495913
38,329,4.0,1137853385
38,342,1.5,1137850133
38,349,4.0,1142893560
38,353,4.5,1137720800
38,355,1.0,1137850194
38,357,1.0,1137850127
38,366,3.5,1138500761
38,367,3.0,1137850168
38,368,3.5,1137850116
38,379,1.5,1138496072
38,380,4.0,1137849847
38,382,3.5,1138499911
38,435,1.5,1137850188
38,442,4.5,1138495475
38,454,3.0,1137850155
38,474,4.0,1138476808
38,475,3.5,1137850122
38,480,3.5,1138475028
38,485,3.5,1137850179
38,520,0.5,1137720425
38,532,1.0,1138499464
38,541,5.0,1137970541
38,553,4.0,1137850111
38,555,5.0,1137854171
38,586,1.0,1137850170
38,589,3.5,1138473976
38,592,3.5,1137721003
38,593,4.0,1137720585
38,596,3.0,1137850164
38,597,1.5,1138481448
38,611,2.0,1138497138
38,661,3.5,1137850143
38,724,4.0,1138499315
38,733,2.0,1137720976
38,737,1.5,1138497150
38,741,4.5,1138474117
38,762,1.5,1137850094
38,780,3.5,1137853346
38,799,4.0,1138474459
38,849,4.0,1138496906
38,879,3.5,1138499223
38,880,0.5,1138496941
38,891,2.5,1138483470
38,902,2.5,1142892856
38,903,4.5,1137720505
38,904,5.0,1138476618
38,912,5.0,1137850081
38,919,3.0,1142892836
38,920,1.0,1138476657
38,924,4.0,1138493455
38,946,4.5,1138479542
38,968,4.0,1138494565
39,175,4.0,1043555023
39,318,5.0,1073456825
39,356,5.0,1043555373
39,435,1.0,1073456482
39,497,2.0,1073456508
39,594,4.0,1043555277
39,653,3.0,1073456492
39,750,2.0,1073456489
39,785,4.5,1073457341
39,799,3.0,1043555036
39,829,0.5,1073456902
40,1,3.0,941915861
40,11,3.0,941926694
40,17,5.0,941918444
40,39,2.0,941926316
40,45,4.0,941927411
40,72,5.0,941918577
40,104,2.0,941915981
40,141,5.0,941915498
40,157,2.0,941927883
40,180,5.0,941915713
40,187,3.0,941927124
40,218,3.0,941927842
40,222,3.0,941918234
40,223,4.0,941915981
40,224,3.0,941927344
40,237,3.0,941928141
40,275,4.0,941925605
40,296,3.0,941918379
40,318,4.0,941918546
40,353,1.0,941928878
40,356,4.0,941918837
40,357,3.0,941916014
40,364,4.0,941928747
40,367,3.0,941927802
40,370,1.0,941928077
40,372,4.0,941927563
40,440,3.0,941915404
40,468,3.0,941927842
40,471,5.0,941927196
40,497,5.0,941915825
40,500,3.0,941927453
40,514,4.0,941925653
40,537,2.0,941927498
40,539,3.0,941927802
40,543,3.0,941927498
40,552,2.0,941927977
40,586,1.0,941928016
40,587,3.0,941927802
40,593,3.0,941918152
40,597,3.0,941927802
40,708,4.0,941915291
40,919,2.0,941926665
41,1,3.5,1393378083
41,50,4.0,1393378099
41,101,4.5,1304123198
41,104,4.0,1393377441
41,157,4.0,1304099216
41,231,4.0,1393378142
41,296,2.0,1393378072
41,441,4.5,1303964608
41,527,3.5,1393377046
41,750,3.5,1393377925
41,780,2.5,1393377424
41,913,4.5,1393377171
41,950,4.0,1393377355
42,1,5.0,847709089
42,18,3.0,854389788
42,21,4.0,836833386
42,29,3.0,849698831
42,31,4.0,848848930
42,32,5.0,829146214
42,34,5.0,854043669
42,39,4.0,849698810
42,50,5.0,836569319
42,58,4.0,833812118
42,151,4.0,829146469
42,153,4.0,829146469
42,157,3.0,848849827
42,161,5.0,829146469
42,204,4.0,829146470
42,232,5.0,829146469
42,300,4.0,829146469
42,318,5.0,829146469
42,342,5.0,836833959
42,349,4.0,829146469
42,353,5.0,832585750
42,356,5.0,833812136
42,364,4.0,836833439
42,367,3.0,836833864
42,368,3.0,848849458
42,377,5.0,836833459
42,380,4.0,829146470
42,434,4.0,829146469
42,440,4.0,833812168
42,446,5.0,836833418
42,450,4.0,833812325
42,457,4.0,832585800
42,474,3.0,847709264
42,480,3.0,849698787
42,494,4.0,829146214
42,497,5.0,833812146
42,520,3.0,836834200
42,533,4.0,836834170
42,538,5.0,833812189
42,543,3.0,836834095
42,587,5.0,833812177
42,588,5.0,829146469
42,589,3.0,836833478
42,595,5.0,829146469
42,597,4.0,836833506
42,608,3.0,836569316
42,661,4.0,847709525
42,733,5.0,834679807
42,736,4.0,836833333
42,778,4.0,842519036
42,780,4.0,836833237
42,786,5.0,837462191
42,832,5.0,849698730
42,836,3.0,854389788
43,915,3.0,1408585578
43,934,4.0,1408585606
44,16,5.0,1383611215
44,19,2.0,1383525351
44,22,4.0,1383522761
44,23,4.0,1383527248
44,31,3.0,1383522756
44,34,3.0,1383527354
44,44,3.0,1383522662
44,145,3.0,1383527412
44,150,3.0,1383526757
44,223,4.0,1383611216
44,333,2.0,1383522665
44,344,3.0,1383525351
44,413,2.0,1383525854
44,588,4.0,1383525891
44,628,3.0,1383522664
44,805,3.0,1383522639
44,999,3.0,1383524212
45,16,3.5,1424172549
45,17,3.0,1424172653
45,50,4.0,1424157493
45,58,3.0,1424172663
45,97,3.0,1424157745
45,111,4.0,1424157674
45,260,2.0,1424157508
45,296,2.5,1424157558
45,306,4.0,1424172508
45,318,4.0,1424157492
45,475,3.5,1424172970
45,527,2.0,1424157526
45,541,3.0,1424157610
45,593,3.0,1424157562
45,608,3.5,1424172449
45,632,3.0,1424172989
45,665,3.5,1424173012
45,714,4.0,1424157816
45,750,4.0,1424157618
45,858,5.0,1424157498
45,899,3.0,1424172429
45,903,4.0,1424157772
45,904,4.0,1424172382
45,908,4.0,1424172406
45,910,3.0,1424173164
45,912,4.0,1424158305
45,913,3.5,1424173209
45,916,3.0,1424157676
45,923,4.0,1424172400
45,924,3.0,1424173158
45,928,3.0,1424157662
45,930,3.0,1424172494
45,933,3.0,1424172499
45,969,3.5,1424157673
45,994,3.0,1424172879
46,16,5.0,1288806823
46,25,4.0,1288810671
46,32,3.5,1288813658
46,45,4.0,1288811135
46,50,4.0,1288806908
46,52,3.5,1288812363
46,58,4.0,1288816860
46,81,2.5,1288812301
46,85,4.0,1288817154
46,94,3.5,1288812929
46,101,3.5,1288809968
46,111,3.5,1288809241
46,125,4.0,1288811472
46,154,3.5,1288813026
46,172,3.0,1288813926
46,180,3.0,1288809991
46,215,4.0,1288816976
46,223,3.5,1288809979
46,232,4.0,1288816736
46,235,4.5,1288810813
46,260,4.0,1288814741
46,265,4.0,1288816747
46,296,4.0,1288812173
46,306,4.5,1288813143
46,307,4.0,1288813151
46,337,4.0,1288810129
46,373,4.0,1288814682
46,412,4.0,1288817063
46,417,3.5,1288812804
46,431,3.5,1288812325
46,441,3.5,1288816611
46,471,3.5,1288808527
46,481,3.0,1288818086
46,509,4.0,1288817195
46,527,3.0,1288807337
46,532,3.0,1288811154
46,534,3.5,1288816870
46,541,4.5,1288806363
46,553,3.0,1288807212
46,555,3.5,1288812186
46,599,4.0,1297640596
46,608,4.5,1288806637
46,720,4.0,1288806175
46,750,5.0,1288812600
46,778,4.0,1288806766
46,785,3.5,1288811716
46,800,4.0,1288810907
46,851,4.5,1288807961
46,858,4.5,1288807093
46,902,3.5,1288817226
46,904,4.0,1288808963
46,908,4.0,1288818540
46,909,3.5,1288810529
46,923,5.0,1288807509
46,924,4.0,1288806385
46,930,3.5,1288818531
46,994,4.0,1288816849
46,999,3.0,1288812292
47,6,3.0,955122239
47,858,5.0,955122239
48,21,4.0,962677118
48,32,5.0,962676253
48,34,4.0,962674390
48,45,3.0,962674561
48,101,3.0,962674513
48,125,4.0,962674646
48,144,2.0,962675083
48,157,5.0,962674881
48,223,4.0,962674757
48,224,3.5,1093551573
48,252,4.0,962675037
48,260,3.0,962676730
48,265,2.0,962677205
48,296,5.0,962676956
48,316,2.0,962676443
48,357,3.0,962674539
48,367,2.0,962678037
48,370,4.0,962675227
48,372,4.0,962675005
48,417,2.0,962674794
48,440,3.0,962674679
48,441,1.0,962674539
48,468,4.0,962675083
48,480,3.0,962676409
48,489,2.0,962675392
48,497,4.0,962674646
48,500,4.0,962675005
48,514,3.0,962674606
48,529,4.0,962677020
48,532,2.0,962674757
48,537,3.0,962675249
48,541,4.0,962676580
48,551,3.0,962674416
48,586,1.0,962675420
48,587,3.0,962675155
48,589,3.0,962676253
48,592,2.0,962677542
48,653,2.0,962678136
48,671,4.0,962674832
48,708,4.0,962674728
48,714,4.0,1093551562
48,743,3.0,962675367
48,778,4.0,962674292
48,780,1.0,962676468
48,837,5.0,962674832
48,852,3.0,962674881
48,858,5.0,962677762
48,892,5.0,962674390
48,903,2.0,962678187
48,904,3.0,962678187
48,913,4.0,962677939
48,924,4.0,962678223
48,988,4.0,962674679
49,32,3.5,1167006702
49,47,4.5,1167004410
49,50,5.0,1167004423
49,62,3.0,1167007377
49,141,4.0,1167007351
49,161,3.5,1167007339
49,185,3.5,1167007342
49,231,2.0,1167007303
49,253,3.5,1167007331
49,260,1.0,1167006692
49,292,3.5,1167007312
49,293,4.0,1167006649
49,296,4.0,1167004312
49,318,5.0,1167004314
49,356,4.0,1167004282
49,357,4.0,1167007318
49,377,4.0,1167006386
49,434,3.5,1167006439
49,454,3.5,1167007328
49,457,3.0,1167006585
49,480,2.5,1167004286
49,500,3.5,1167007299
49,508,4.0,1167007428
49,509,4.5,1167007440
49,539,4.0,1167007315
49,541,3.5,1167006658
49,586,3.5,1167007368
49,593,4.0,1167004320
49,597,3.5,1167007293
49,648,3.5,1167007271
49,733,4.0,1167006394
49,741,4.5,1167006727
49,750,4.0,1167007594
49,780,2.5,1167004353
49,858,4.0,1167004603
49,903,4.0,1167006025
49,904,3.0,1167005688
49,908,3.5,1167006591
50,10,4.0,834950418
50,19,2.0,834950520
50,36,3.0,834950792
50,39,3.0,834950546
50,44,2.0,834950697
50,150,4.0,834950325
50,153,3.0,834950356
50,160,4.0,834950546
50,161,5.0,834950418
50,170,3.0,834951051
50,173,3.0,834950577
50,193,4.0,834950745
50,203,4.0,834950912
50,204,4.0,834950661
50,208,3.0,834950452
50,218,4.0,834950912
50,225,4.0,834950485
50,231,2.0,834950383
50,234,4.0,834950966
50,253,3.0,834950452
50,273,3.0,834950813
50,277,4.0,834950767
50,296,3.0,834950325
50,303,4.0,834951004
50,305,3.0,834950966
50,316,4.0,834950383
50,327,2.0,834951029
50,329,4.0,834950383
50,344,1.0,834950356
50,355,2.0,834950940
50,356,5.0,834950608
50,357,5.0,834950792
50,364,4.0,834950578
50,368,4.0,834951072
50,377,4.0,834950697
50,380,4.0,834950325
50,420,4.0,834950520
50,434,3.0,834950418
50,435,3.0,834950577
50,442,4.0,834950724
50,466,3.0,834951162
50,500,4.0,834950767
50,520,3.0,834951198
50,585,3.0,834950881
50,588,3.0,834950356
50,589,4.0,834950697
50,590,4.0,834950324
50,592,3.0,834950324
50,595,3.0,834950383
50,597,4.0,834950833
51,1,5.0,1330539608
51,13,5.0,1330536422
51,17,5.0,1330537822
51,18,5.0,1337934779
51,28,5.0,1330542880
51,34,5.0,1330541596
51,48,5.0,1330540091
51,50,5.0,1331848908
51,60,3.0,1340214648
51,62,5.0,1330599928
51,130,5.0,1330539673
51,141,5.0,1339272302
51,150,5.0,1330538121
51,158,5.0,1330540016
51,223,5.0,1339434989
51,232,5.0,1337377763
51,235,5.0,1330537204
51,246,5.0,1330537444
51,247,5.0,1331063270
51,260,5.0,1330539795
51,261,5.0,1330608212
51,262,5.0,1330537722
51,277,5.0,1330604800
51,293,5.0,1330539781
51,316,5.0,1337298744
51,317,5.0,1330542302
51,329,1.0,1341122302
51,339,5.0,1330604894
51,356,5.0,1330537250
51,361,5.0,1330601328
51,364,5.0,1330539121
51,432,5.0,1330538046
51,440,5.0,1335780909
51,455,5.0,1330602729
51,468,5.0,1330534440
51,480,3.0,1330538898
51,497,5.0,1339079861
51,501,5.0,1338390074
51,531,5.0,1330537712
51,539,3.0,1330604907
51,588,5.0,1330540209
51,594,5.0,1330540184
51,595,5.0,1330540196
51,616,5.0,1330540107
51,661,3.0,1330608294
51,745,5.0,1335330663
51,750,5.0,1330536293
51,783,5.0,1330607838
51,838,3.0,1330602682
51,888,5.0,1330535566
51,899,5.0,1337456290
51,900,5.0,1330598062
51,902,1.0,1330605318
51,903,5.0,1330538298
51,904,5.0,1330538409
51,905,5.0,1330598161
51,906,5.0,1330600611
51,908,5.0,1330538314
51,909,3.0,1330599594
51,910,5.0,1330539760
51,912,3.0,1330535830
51,914,3.0,1330600854
51,916,3.0,1330607965
51,919,5.0,1330605172
51,920,5.0,1330605023
51,923,5.0,1330535851
51,924,5.0,1330540413
51,926,5.0,1330599367
51,928,5.0,1330538462
51,932,5.0,1334646312
51,933,5.0,1330607974
51,935,1.0,1330536376
51,940,5.0,1330540727
51,952,1.0,1330601543
51,953,5.0,1330605307
51,954,5.0,1330534541
51,965,5.0,1330538472
51,968,5.0,1330534397
51,969,5.0,1330600865
51,971,5.0,1330536044
51,986,5.0,1330604731
52,32,4.0,1258254216
52,47,4.5,1258254164
52,50,5.0,1258254144
52,216,4.5,1258252553
52,223,4.0,1258254331
52,293,5.0,1258254189
52,296,5.0,1258253921
52,318,5.0,1258253968
53,6,3.0,833864984
53,10,3.0,833864684
53,32,5.0,833864767
53,223,5.0,833864929
53,288,4.0,833864708
53,296,3.0,833864611
53,307,4.0,833865130
53,308,4.0,833865141
53,329,3.0,833864661
53,337,4.0,833864799
53,342,3.0,833865034
53,345,4.0,833865178
53,347,4.0,833865162
53,348,4.0,833864984
53,364,3.0,833864837
53,367,3.0,833864873
53,434,2.0,833864684
53,442,3.0,833864984
53,446,3.0,833865233
53,454,3.0,833864837
53,457,3.0,833864742
53,480,3.0,833865034
53,501,3.0,833865233
53,509,4.0,833864958
53,555,4.0,833864887
53,588,3.0,833864641
53,589,3.0,833865057
53,590,2.0,833864611
53,592,2.0,833864611
53,666,5.0,833865337
54,1,5.0,942444181
54,11,3.0,942445629
54,16,5.0,942444697
54,111,4.0,942444883
54,150,5.0,942444933
54,230,5.0,942445530
54,260,5.0,942444135
54,296,5.0,942443998
54,318,5.0,942443820
54,342,1.0,942444086
54,356,5.0,942444748
54,457,4.0,942444697
54,527,4.0,942444049
54,588,2.0,942445256
54,589,5.0,942445295
54,593,5.0,942444049
54,608,5.0,942445492
54,678,5.0,942445257
54,805,5.0,942445571
54,858,5.0,942445703
54,904,5.0,942443821
54,908,5.0,942445571
54,913,4.0,942445430
54,919,3.0,942444590
54,920,4.0,942445664
54,923,5.0,942443821
54,969,4.0,942444590
55,47,5.0,1218491294
55,215,4.5,1218490990
55,306,4.5,1218488218
55,307,4.0,1218488271
55,308,4.0,1218488332
55,431,5.0,1218488082
55,527,4.0,1239401781
55,858,4.5,1239402443
56,10,3.0,1115619701
56,21,4.5,1115619744
56,29,5.0,1115619087
56,39,4.0,1115621467
56,50,5.0,1115618333
56,101,4.0,1115620886
56,104,4.5,1115621643
56,111,5.0,1115619804
56,112,4.0,1115617441
56,147,5.0,1115618623
56,165,1.5,1115621386
56,208,1.0,1115619738
56,223,5.0,1115617675
56,231,4.5,1115619707
56,235,5.0,1115619144
56,246,4.5,1115619181
56,260,4.5,1115619626
56,296,5.0,1115619606
56,316,3.5,1115621392
56,317,1.0,1115621608
56,318,5.0,1115621354
56,329,3.5,1115621410
56,345,4.0,1115618649
56,349,2.5,1115619648
56,353,3.0,1115621671
56,356,4.5,1115619595
56,367,3.5,1115621428
56,370,2.5,1115617472
56,380,2.5,1115619616
56,442,2.5,1115621587
56,449,4.5,1115620344
56,457,4.5,1115621348
56,480,3.5,1115619591
56,520,3.5,1115617525
56,527,4.5,1115621367
56,539,1.5,1115619724
56,551,5.0,1115621613
56,586,2.0,1115621489
56,589,3.0,1115618162
56,590,3.5,1115621352
56,592,5.0,1115617613
56,593,5.0,1115619603
56,597,3.0,1115619691
56,605,1.0,1115619551
56,608,5.0,1115618896
56,648,3.5,1115621376
56,720,4.5,1115618354
56,733,3.0,1115621415
56,741,5.0,1115620251
56,745,5.0,1115618383
56,750,5.0,1115620527
56,778,5.0,1115620269
56,784,3.0,1115617457
56,832,1.0,1115617435
56,858,5.0,1115621420
56,912,5.0,1115619817
57,1,2.5,1233810013
57,6,4.0,1233881716
57,10,3.5,1233881170
57,16,4.0,1233882751
57,19,4.0,1233882682
57,44,1.0,1233885372
57,47,5.0,1233881373
57,50,5.0,1233880996
57,60,0.5,1233896113
57,104,2.5,1233882894
57,110,4.0,1233810004
57,150,3.0,1233881361
57,180,4.0,1233886049
57,216,3.5,1233886018
57,223,2.5,1233882058
57,253,4.0,1233882118
57,260,2.0,1233887404
57,267,3.5,1233809674
57,288,3.5,1233882588
57,292,3.5,1233881443
57,293,3.0,1233881987
57,296,4.0,1233810106
57,317,1.5,1233883027
57,318,5.0,1233810078
57,344,4.0,1233810109
57,353,2.5,1233882929
57,356,3.5,1233881011
57,362,2.5,1233895751
57,364,1.5,1233881145
57,367,3.5,1233881652
57,370,3.5,1233883117
57,420,3.5,1233882935
57,432,3.0,1233883161
57,434,2.5,1233881628
57,441,4.0,1233886230
57,455,1.5,1233886108
57,457,3.5,1233810104
57,480,4.0,1233880944
57,500,1.0,1233881286
57,520,3.5,1233883164
57,524,2.0,1233809532
57,539,1.0,1233881206
57,543,3.0,1233883325
57,551,3.5,1233882860
57,586,2.5,1233881960
57,588,1.0,1233887421
57,589,3.5,1233880985
57,590,2.0,1233810029
57,592,3.5,1233887407
57,593,4.5,1233810022
57,594,1.0,1233882829
57,595,0.5,1233881176
57,597,0.5,1233881148
57,608,4.5,1233810112
57,616,2.0,1233886293
57,628,4.0,1233885017
57,648,3.5,1233881041
57,720,4.0,1233886053
57,733,3.5,1233881474
57,736,3.0,1233881776
57,745,3.5,1233885168
57,778,4.0,1233882367
57,780,3.0,1233810054
57,784,3.0,1233883044
57,785,2.0,1233885223
57,788,2.5,1233882325
57,858,5.0,1233809813
57,899,1.0,1233885442
57,903,3.5,1233883368
57,904,4.5,1233883039
57,953,2.0,1233883131
57,954,2.0,1233896255
58,110,5.0,1009812058
58,234,1.0,1009812058
58,260,5.0,1009812205
58,356,5.0,1009812082
58,858,5.0,1009812318
59,1,5.0,1374448564
59,48,2.0,1374445697
59,158,3.0,1374445690
59,260,4.0,1374445874
59,296,2.5,1374445935
59,318,4.5,1374445807
59,333,4.5,1374445715
59,364,5.0,1374448451
59,471,4.5,1374445725
59,527,5.0,1374445812
59,594,4.5,1374448533
59,595,5.0,1374448586
59,596,4.5,1374445695
59,608,4.5,1374445973
59,750,3.0,1374445831
59,898,4.5,1374445948
59,903,4.5,1374445952
59,904,5.0,1374445818
59,908,2.0,1374445841
59,910,5.0,1374445722
59,912,5.0,1374445816
59,919,5.0,1374445802
59,922,5.0,1374445835
59,926,4.5,1374445856
59,951,5.0,1374445903
59,955,5.0,1374446028
59,971,4.0,1374448536
60,24,4.5,1379318302
60,204,2.5,1379318306
60,524,3.5,1379318277
60,531,4.0,1379318282
60,610,0.5,1379318314
61,1,4.0,1239114875
61,47,4.0,1239114523
61,107,3.0,1239112668
61,150,3.5,1239114941
61,260,4.5,1239114803
61,296,5.0,1239112993
61,349,3.5,1239115255
61,356,4.0,1239114784
61,500,4.5,1239115108
61,539,3.5,1239115278
61,551,3.5,1239114377
61,588,3.0,1239115231
61,593,5.0,1239113193
61,595,4.5,1239114957
61,608,5.0,1239113720
61,648,4.0,1239114969
61,750,4.0,1239114602
61,912,4.5,1239115884
61,934,3.5,1239112748
62,1,5.0,850998540
62,3,5.0,850998600
62,6,4.0,850998600
62,67,5.0,850999411
62,76,3.0,850998757
62,88,3.0,850998879
62,95,3.0,850998540
62,107,4.0,850998720
62,112,3.0,850998600
62,129,5.0,850999515
62,135,5.0,850998693
62,141,5.0,850998540
62,376,4.0,850998600
62,402,5.0,850999603
62,494,3.0,850998600
62,582,5.0,850999436
62,605,5.0,850999435
62,614,5.0,850999494
62,653,5.0,850998653
62,661,4.0,850998693
62,712,5.0,850999411
62,713,5.0,850999436
62,725,3.0,850998926
62,730,5.0,850999382
62,733,4.0,850998600
62,736,5.0,850998540
62,748,5.0,850998787
62,765,4.0,850998818
62,767,5.0,850999351
62,780,5.0,850998540
62,783,5.0,850998653
62,786,4.0,850998653
62,788,5.0,850998693
62,790,5.0,850999411
62,791,5.0,850999411
62,794,5.0,850999382
62,797,5.0,850999382
62,798,5.0,850999808
62,799,5.0,850999808
62,816,5.0,850999382
62,819,5.0,850999382
62,821,5.0,850999465
62,822,5.0,850999494
62,829,5.0,850999808
62,837,4.0,850999076
62,843,5.0,850999411
62,844,5.0,850999351
62,845,5.0,850999539
62,852,5.0,850999808
62,853,5.0,850999436
62,854,5.0,850999351
62,855,5.0,850999602
62,856,5.0,850999435
62,857,5.0,850999515
62,871,5.0,850999494
62,873,5.0,850999585
62,884,5.0,850999464
62,889,5.0,850999382
62,893,5.0,850999539
62,895,5.0,850999494
62,896,5.0,850999464
62,985,5.0,850999515
62,989,5.0,850999435
62,993,5.0,850999494
62,997,5.0,850999494
62,998,5.0,850999411
63,65,4.0,1038337225
63,785,4.0,1038338051
64,1,3.0,889110597
64,2,4.0,889276549
64,5,2.0,889277681
64,7,4.0,889277126
64,10,4.0,889276549
64,18,3.0,889277823
64,32,3.0,889110686
64,39,4.0,889112385
64,47,1.0,889111612
64,107,5.0,889276527
64,141,5.0,889110686
64,150,5.0,889111499
64,171,3.0,889276424
64,223,5.0,889111863
64,224,3.0,889275611
64,247,3.0,889276648
64,253,4.0,889277054
64,260,5.0,889110597
64,272,2.0,889276382
64,289,4.0,889276444
64,293,4.0,889112854
64,296,4.0,889111210
64,316,4.0,889277091
64,329,3.0,889276980
64,342,1.0,894894132
64,345,3.0,889276895
64,357,4.0,894894132
64,377,3.0,889111769
64,380,4.0,889113679
64,410,3.0,889277510
64,442,4.0,889276606
64,457,4.0,889111210
64,469,2.0,889111863
64,480,4.0,889111769
64,489,1.0,889278069
64,497,5.0,889113139
64,503,1.0,889277861
64,508,4.0,889112767
64,513,4.0,889276074
64,514,3.0,889276200
64,517,3.0,889277861
64,518,2.0,889277934
64,529,5.0,889276361
64,534,5.0,889112968
64,537,4.0,889277376
64,538,1.0,889276811
64,539,4.0,889277091
64,541,3.0,889111401
64,543,3.0,889276960
64,550,4.0,889278165
64,551,4.0,889113140
64,552,3.0,889277343
64,586,3.0,889277395
64,587,3.0,889276648
64,588,5.0,889112854
64,589,4.0,889111588
64,593,5.0,889112620
64,594,4.0,889112918
64,595,5.0,889111726
64,597,3.0,889111991
64,603,2.0,889277126
64,608,4.0,889110686
64,610,4.0,889277054
64,628,1.0,889110810
64,648,3.0,889276960
64,653,2.0,889277475
64,708,3.0,889111092
64,709,3.0,889277722
64,733,4.0,889110704
64,736,2.0,889276508
64,780,4.0,889113835
64,783,4.0,889112286
64,786,2.0,889277722
64,832,3.0,889110781
64,902,5.0,889111401
64,903,2.0,889111210
64,904,4.0,889111210
64,908,4.0,889111564
64,909,4.0,889112118
64,911,3.0,889112286
64,912,5.0,889111283
64,913,3.0,889112918
64,914,4.0,889112918
64,915,3.0,889112172
64,916,5.0,889113140
64,933,4.0,889111863
64,951,4.0,889111991
64,955,4.0,889112828
64,999,4.0,889111034
65,1,5.0,1198102259
65,50,5.0,1198102292
65,60,4.5,1198101873
65,107,3.5,1198101883
65,153,5.0,1198102304
65,165,4.0,1198102332
65,260,2.5,1198102141
65,277,4.0,1198101814
65,296,5.0,1198102105
65,356,5.0,1198102103
65,457,4.0,1198102114
65,480,4.0,1198102263
65,543,2.0,1198101719
65,552,3.0,1198101725
65,588,5.0,1198102326
65,592,4.0,1198102197
65,593,4.5,1198102265
65,596,1.0,1198101709
65,661,4.0,1198101777
65,780,3.5,1198102075
66,1,1.0,1126090778
66,22,4.0,1126090560
66,32,4.5,1126090806
66,47,4.5,1126090876
66,50,4.5,1126090834
66,110,4.5,1126090739
66,150,3.5,1126090724
66,153,0.5,1126090837
66,158,0.5,1126090450
66,163,0.5,1126090341
66,186,0.5,1126090486
66,260,0.5,1126090742
66,296,4.0,1126090684
66,316,0.5,1126090858
66,318,5.0,1126090734
66,342,0.5,1126090406
66,344,5.0,1126090826
66,356,5.0,1126090693
66,377,4.5,1126090817
66,380,0.5,1126090757
66,457,4.5,1126090703
66,480,1.5,1126090698
66,520,3.5,1126090419
66,527,4.5,1126090801
66,588,0.5,1126090804
66,589,1.5,1126090764
66,590,1.5,1126090711
66,592,1.5,1126090706
66,593,5.0,1126090689
66,648,0.5,1126090822
66,736,0.5,1126090865
67,6,5.0,1035241380
67,47,5.0,1035240900
67,111,4.0,1035209009
67,260,4.0,1035208979
67,296,5.0,1035209526
67,349,5.0,1035241100
67,377,4.0,1035209860
67,500,4.0,1035210027
67,595,3.0,1035209834
68,10,3.0,854284133
68,19,1.0,854284222
68,21,4.0,854284222
68,32,3.0,854283689
68,47,3.0,854284368
68,95,3.0,854283689
68,150,5.0,854283747
68,153,3.0,854284368
68,160,3.0,854284471
68,165,3.0,854284423
68,185,3.0,854284133
68,253,2.0,854284133
68,292,3.0,854284133
68,296,5.0,854283747
68,316,3.0,854283794
68,317,5.0,854284298
68,318,5.0,854283794
68,329,3.0,854283794
68,344,3.0,854283747
68,349,4.0,854283793
68,367,3.0,854284191
68,377,4.0,854284191
68,380,4.0,854283747
68,410,3.0,854284191
68,420,3.0,854284298
68,440,5.0,854284298
68,457,5.0,854283748
68,480,3.0,854284368
68,500,5.0,854284191
68,539,4.0,854284222
68,586,3.0,854284298
68,587,3.0,854284191
68,588,5.0,854283747
68,589,4.0,854284133
68,590,3.0,854283747
68,592,4.0,854283746
68,593,5.0,854283794
68,595,3.0,854284368
68,597,3.0,854284191
68,648,3.0,854283689
68,780,4.0,854283689
69,22,4.0,1193843151
69,292,4.0,1206531954
69,356,5.0,1206531813
69,377,4.0,1206532054
69,380,4.0,1206532122
69,457,4.0,1206531830
69,480,2.5,1206532231
69,500,3.0,1206531948
69,527,0.5,1206531761
69,648,4.0,1206532060
69,733,4.5,1206532051
69,934,3.5,1193843372
70,1,4.0,1352489271
70,32,4.0,1352489461
70,223,4.5,1352489537
70,235,4.5,1352489467
70,260,5.0,1352489227
70,293,3.5,1352489575
70,318,5.0,1352491330
70,480,3.5,1352489282
70,541,4.5,1352489533
70,608,4.0,1352490872
70,610,5.0,1352489026
70,671,4.5,1352492334
70,750,5.0,1352489496
70,785,4.0,1352488910
70,849,2.0,1352488998
70,899,5.0,1352489410
70,912,4.5,1352489552
70,913,5.0,1352489546
70,914,4.0,1352490670
70,919,5.0,1352490006
70,924,4.0,1352491333
70,940,4.0,1352490694
70,950,5.0,1352489508
70,965,3.0,1352490691
71,1,2.5,1124124958
71,163,3.0,1124124896
71,172,1.5,1124124900
71,260,4.0,1124124954
71,370,1.5,1124124874
71,832,2.5,1124124853
71,904,5.0,1124124904
71,908,5.0,1124124849
71,923,2.5,1124124843
72,1,5.0,945109677
72,3,3.0,945109942
72,4,4.0,945109760
72,5,4.0,945110039
72,7,4.0,945110126
72,11,4.0,945109729
72,17,5.0,945110423
72,21,4.0,945110080
72,34,5.0,965941115
72,36,5.0,965942264
72,39,4.0,945109584
72,45,3.0,945110039
72,46,4.0,945110732
72,62,4.0,945117488
72,104,4.0,945109729
72,105,4.0,945110423
72,141,4.0,945117790
72,207,3.0,945110732
72,222,4.0,945110669
72,231,1.0,965941639
72,236,3.0,945110039
72,237,3.0,945110260
72,248,4.0,945110313
72,252,3.0,945110313
72,261,4.0,945112587
72,280,4.0,965943014
72,318,5.0,945111960
72,339,5.0,945110764
72,350,4.0,945117861
72,356,4.0,945109656
72,357,3.0,945109694
72,360,3.0,945114820
72,364,5.0,945111643
72,377,4.0,945110513
72,380,4.0,945109899
72,381,4.0,945114956
72,408,4.0,945117944
72,440,4.0,945110423
72,454,4.0,965943042
72,480,4.0,945109122
72,508,4.0,945116689
72,524,5.0,965943189
72,527,5.0,945112951
72,539,5.0,945110669
72,585,4.0,945109760
72,586,4.0,945110040
72,587,4.0,945109899
72,588,4.0,945109584
72,590,4.0,945115224
72,593,4.0,945111849
72,597,4.0,945109677
72,605,4.0,965943453
72,608,2.0,945111850
72,647,4.0,945117971
72,708,3.0,945110010
72,719,2.0,945110206
72,725,3.0,945110313
72,765,3.0,945110333
72,780,4.0,945112217
72,788,5.0,945110562
72,802,3.0,965943130
72,805,5.0,945117827
72,818,3.0,945110260
72,830,3.0,945110313
72,852,3.0,945110104
72,858,5.0,945109303
72,917,4.0,945114528
72,919,5.0,945111541
72,920,5.0,945111037
72,932,5.0,945115014
73,1,3.0,863355090
73,2,3.0,865688154
73,10,4.0,865687945
73,12,5.0,865673707
73,18,5.0,865673881
73,19,5.0,865687501
73,39,4.0,865687925
73,44,5.0,865688399
73,88,5.0,865673686
73,95,4.0,863355093
73,104,4.0,863355161
73,112,4.0,863355161
73,135,5.0,865673529
73,150,3.0,865687413
73,153,4.0,865688154
73,216,4.0,865688346
73,231,4.0,865688422
73,255,3.0,865687241
73,260,3.0,863355129
73,312,4.0,865687318
73,315,4.0,865687300
73,333,5.0,865690301
73,344,5.0,865687501
73,364,3.0,865687798
73,367,5.0,865687447
73,370,4.0,865688477
73,376,3.0,863355161
73,379,3.0,865688310
73,380,4.0,865688014
73,387,4.0,865688050
73,413,4.0,865687744
73,414,4.0,865687744
73,419,3.0,865687976
73,420,3.0,865687976
73,435,4.0,865687853
73,442,3.0,865688154
73,473,3.0,865688262
73,474,4.0,865687778
73,480,4.0,865687716
73,491,3.0,865687501
73,494,5.0,863355129
73,520,5.0,865688288
73,586,3.0,865687853
73,592,3.0,865688170
73,605,5.0,865687853
73,648,3.0,865673499
73,663,3.0,865673777
73,688,3.0,865688422
73,708,3.0,863355161
73,733,5.0,863355129
73,737,3.0,865673686
73,743,5.0,865673561
73,780,5.0,863355088
73,784,5.0,863355161
73,788,4.0,863355161
73,798,4.0,865687814
73,799,5.0,865673648
73,861,4.0,865687463
74,1,4.5,1211251655
74,2,3.5,1211473109
74,16,4.0,1211416900
74,19,3.5,1211473149
74,32,2.0,1211416424
74,34,2.5,1211251842
74,47,4.0,1211251229
74,104,3.5,1211416903
74,110,4.0,1211250479
74,231,3.5,1211416388
74,260,5.0,1211251266
74,318,4.5,1211251240
74,344,3.5,1211473151
74,356,4.5,1211416528
74,480,3.5,1211473091
74,541,3.0,1211250469
74,551,2.0,1211416860
74,555,4.0,1211472498
74,586,4.0,1211416434
74,593,4.0,1211251248
74,608,3.5,1211473237
74,750,3.0,1211250535
74,780,3.5,1211416408
74,908,4.0,1211251162
74,954,4.0,1211472962
75,110,5.0,973142126
75,111,4.0,973141668
75,260,4.0,973142003
75,457,5.0,973142057
75,832,4.0,973141634
75,858,5.0,973141955
76,19,2.5,1427476334
76,32,4.0,1427474600
76,110,4.0,1427472753
76,111,3.5,1427474493
76,150,5.0,1427471034
76,231,4.5,1427476330
76,296,5.0,1427470981
76,318,5.0,1427470904
76,344,3.0,1427476329
76,356,5.0,1427472869
76,480,4.5,1427474287
76,508,3.0,1427476881
76,527,4.0,1427470954
76,551,2.5,1427471560
76,592,3.0,1427472581
76,593,5.0,1427470912
76,750,3.5,1427470999
76,780,2.5,1427474136
76,784,4.0,1427476337
76,788,3.0,1427475238
76,858,5.0,1427470906
76,904,4.0,1427470991
76,912,3.0,1427470964
76,924,5.0,1427472124
77,1,5.0,863908538
77,17,3.0,863908541
77,32,3.0,863908537
77,47,4.0,863908728
77,50,2.0,863908727
77,58,5.0,863908656
77,62,2.0,863908540
77,95,2.0,863908540
77,111,5.0,863908727
77,141,4.0,863908539
77,260,5.0,863908604
77,296,5.0,863908725
77,318,3.0,863908730
77,457,4.0,863908731
77,527,4.0,863908728
77,593,5.0,863908726
77,608,4.0,863908604
77,648,3.0,863908539
77,661,3.0,863908656
77,733,3.0,863908604
77,736,3.0,863908537
77,778,5.0,863908657
77,780,2.0,863908537
77,858,5.0,863908730
78,1,3.5,1225262464
78,10,3.5,1225262693
78,11,3.5,1225262888
78,34,4.0,1225262652
78,50,4.0,1225262458
78,62,3.5,1225262804
78,104,3.0,1225262955
78,110,2.0,1225262477
78,150,4.0,1225259984
78,231,1.5,1225262661
78,260,4.5,1225259899
78,288,0.5,1225262770
78,296,2.5,1225259798
78,316,3.0,1225262524
78,317,3.0,1225262999
78,318,4.5,1225259884
78,327,2.0,1225224236
78,342,4.0,1225263232
78,344,0.5,1225262488
78,345,3.5,1225263326
78,356,3.5,1225259829
78,357,4.0,1225262706
78,377,2.5,1225262495
78,434,2.5,1225262730
78,440,3.5,1225262862
78,508,4.0,1225262910
78,509,3.5,1225262942
78,527,4.0,1225260001
78,587,3.5,1225262686
78,590,2.0,1225262471
78,593,4.5,1225259869
78,733,3.5,1225262649
78,788,2.5,1225262897
78,953,4.0,1225263182
79,260,4.0,1056255143
79,317,3.5,1056253795
79,376,3.5,1056253866
79,435,3.0,1056253844
79,509,4.5,1056253792
79,589,3.5,1056255354
79,590,4.0,1056255402
79,594,3.5,1056253830
79,750,4.5,1056253846
79,920,4.0,1056253856
79,924,4.5,1056253780
80,12,3.0,838831258
80,21,3.0,838830448
80,24,4.0,838830971
80,25,4.0,838830652
80,32,3.0,838830519
80,34,4.0,838830436
80,36,4.0,838830663
80,119,1.0,838831471
80,153,3.0,838830359
80,160,1.0,838830519
80,210,3.0,838831462
80,231,4.0,838830377
80,235,5.0,838830598
80,249,3.0,838830817
80,288,3.0,838830423
80,292,3.0,838830392
80,296,4.0,838830332
80,316,3.0,838830377
80,318,4.0,838830392
80,327,5.0,838830761
80,329,3.0,838830377
80,332,5.0,838831060
80,337,3.0,838830579
80,339,1.0,838830406
80,344,4.0,838830359
80,349,3.0,838830359
80,356,3.0,838830422
80,368,4.0,838830673
80,370,4.0,838830706
80,374,1.0,838830893
80,377,1.0,838830475
80,380,2.0,838830332
80,410,5.0,838830422
80,419,4.0,838830856
80,435,3.0,838830537
80,457,5.0,838830392
80,458,3.0,838831302
80,466,4.0,838830718
80,480,3.0,838830423
80,494,1.0,838830922
80,497,4.0,838830694
80,520,3.0,838830728
80,527,4.0,838830537
80,543,5.0,838830832
80,551,5.0,838830626
80,585,1.0,838830652
80,586,3.0,838830556
80,587,2.0,838830537
80,588,1.0,838830359
80,590,3.0,838830332
80,592,4.0,838830331
80,593,4.0,838830377
80,595,1.0,838830377
80,597,3.0,838830556
80,608,4.0,838830706
80,610,4.0,838830761
80,661,5.0,838831049
80,708,1.0,838830981
80,733,3.0,838830797
80,743,4.0,838831116
80,780,3.0,838830856
81,1,3.5,1269782372
81,6,3.0,1269782721
81,110,3.0,1269782303
81,153,2.5,1269782397
81,165,4.0,1269782508
81,208,3.5,1269782556
81,231,4.5,1269782389
81,260,3.0,1269782291
81,296,5.0,1269782492
81,303,4.0,1269781340
81,327,4.5,1269781324
81,344,4.5,1269782283
81,356,3.0,1269782526
81,367,3.5,1269782861
81,393,1.5,1269781648
81,419,3.0,1269781501
81,480,4.0,1269782367
81,500,4.0,1269782465
81,541,4.0,1269782815
81,586,4.0,1269782728
81,588,3.5,1269782724
81,589,4.0,1269782294
81,592,3.0,1269782334
81,780,4.0,1269782343
82,1,5.0,966006217
82,11,5.0,966007289
82,160,4.0,966005999
82,172,4.0,966005999
82,185,4.0,966006036
82,196,2.0,966005826
82,252,4.0,966007465
82,260,5.0,966005151
82,329,5.0,966005359
82,338,5.0,966005908
82,356,4.0,966007240
82,379,4.0,966005999
82,435,4.0,966005908
82,440,4.0,966007289
82,519,3.0,966006057
82,541,4.0,966005151
82,543,4.0,966007346
82,546,5.0,966006111
82,587,4.0,966007327
82,671,4.0,966005359
82,780,5.0,966005391
82,788,1.0,966005845
82,924,3.0,966005181
83,50,4.0,1384146803
83,60,3.0,1384146382
83,65,4.5,1384146485
83,88,4.0,1384146461
83,110,4.0,1384147541
83,260,5.0,1384147150
83,296,5.0,1384147255
83,318,4.5,1384146798
83,356,5.0,1384147647
83,527,3.5,1384146810
83,541,3.0,1384147300
83,593,4.5,1384147183
83,608,4.0,1384147341
83,765,5.0,1384146466
83,778,4.5,1384147778
83,799,4.0,1384146405
83,919,4.5,1384147960
83,924,4.0,1384149368
84,48,1.0,1111486775
84,111,4.0,1111488607
84,112,5.0,1111486897
84,151,5.0,1111486893
84,168,2.5,1111486754
84,370,4.0,1111486938
84,520,3.5,1111486782
84,720,3.0,1111487806
84,778,3.5,1111488603
84,784,4.5,1111486842
84,832,1.0,1111486888
84,899,1.0,1111488637
84,908,4.0,1111486866
84,953,3.5,1111487995
84,954,3.0,1111487952
84,968,3.0,1111489451
85,1,5.0,1234398975
85,34,4.0,1234399307
85,47,4.0,1234399023
85,153,4.0,1234399056
85,208,3.0,1234399340
85,231,5.0,1234399184
85,344,5.0,1234399158
85,356,5.0,1234399315
85,367,5.0,1234399166
85,413,4.5,1234398493
85,421,2.5,1234398684
85,589,5.0,1234399116
85,592,5.0,1234399323
85,593,4.0,1234398987
85,609,4.0,1234398612
85,736,4.0,1234399139
85,780,4.0,1234399146
85,810,3.5,1234398669
85,829,4.0,1234398673
87,1,5.0,1142319362
87,3,0.5,1142319170
87,47,4.5,1142319423
87,235,3.0,1142319160
87,266,3.0,1142319117
87,317,1.0,1142319121
87,318,5.0,1142319401
87,593,5.0,1142319331
87,594,5.0,1142319129
87,596,4.0,1142319476
87,608,4.5,1142319572
87,919,3.5,1142319386
88,50,5.0,1419142701
88,260,3.0,1419142597
88,318,4.5,1419142699
89,1,3.0,833097701
89,2,4.0,833097927
89,10,3.0,833097676
89,31,5.0,833098007
89,34,3.0,833097768
89,39,5.0,833097805
89,44,5.0,833097982
89,48,3.0,833098007
89,95,5.0,833097880
89,150,4.0,833097575
89,151,5.0,833097880
89,153,3.0,833097613
89,158,3.0,833097954
89,160,5.0,833097805
89,161,4.0,833097676
89,169,3.0,833098292
89,185,5.0,833097700
89,208,4.0,833097701
89,227,4.0,833098053
89,234,4.0,833098152
89,257,4.0,833098192
89,317,4.0,833097768
89,329,4.0,833097643
89,338,5.0,833098245
89,339,4.0,833097676
89,349,4.0,833097613
89,364,4.0,833097982
89,380,5.0,833097575
89,410,3.0,833097740
89,413,5.0,833098192
89,432,4.0,833097830
89,435,3.0,833097830
89,494,4.0,833098270
89,551,4.0,833098223
89,588,2.0,833097613
89,592,4.0,833097575
89,595,3.0,833097643
90,16,3.5,1166563857
90,21,3.5,1166571351
90,32,4.0,1166563718
90,47,4.0,1166563322
90,70,3.5,1166559203
90,95,2.0,1166571494
90,104,2.0,1166571697
90,110,1.0,1166568547
90,111,3.0,1166571444
90,163,3.5,1166571901
90,170,2.0,1166559877
90,173,2.5,1166568390
90,180,3.5,1166562013
90,185,2.0,1166571441
90,208,2.5,1166571264
90,223,4.0,1166562125
90,230,3.5,1166567705
90,231,3.5,1166558966
90,253,3.0,1166569695
90,260,2.5,1166568116
90,288,4.5,1166559117
90,292,2.5,1166571656
90,293,4.5,1166567528
90,296,4.0,1166563258
90,318,4.0,1166563197
90,337,4.0,1166564042
90,344,3.5,1166558954
90,353,4.0,1166567654
90,356,4.0,1166569497
90,370,2.0,1166559009
90,377,2.0,1166571817
90,380,2.0,1166571311
90,435,1.5,1166568061
90,441,3.5,1166562380
90,442,1.0,1166564625
90,457,3.0,1166572517
90,466,2.0,1166571904
90,471,2.5,1166656291
90,474,3.5,1166568193
90,480,3.0,1166568224
90,485,3.0,1166572001
90,520,3.5,1166571897
90,522,3.5,1166562162
90,527,3.5,1166569490
90,541,2.5,1166563538
90,586,1.5,1166571334
90,589,3.5,1166559232
90,590,4.0,1166569506
90,593,3.5,1166561425
90,597,3.0,1166559012
90,608,3.5,1166572536
90,648,2.0,1166571184
90,736,2.5,1166571174
90,742,3.0,1166567739
90,750,4.5,1166563342
90,778,5.0,1166559746
90,780,2.0,1166558977
90,786,1.5,1166564734
90,858,4.5,1166560396
91,203,4.0,1395014479
91,223,4.0,1395014831
91,316,5.0,1395014692
91,318,3.5,1395014583
91,362,4.0,1395014413
91,441,3.0,1395014415
91,477,4.0,1395014546
91,527,1.0,1395014590
91,532,1.0,1395014471
91,593,4.5,1395014629
91,837,4.5,1395014482
92,1,4.5,1290754906
92,19,2.0,1290753450
92,32,3.0,1290753055
92,47,4.5,1290755083
92,110,4.0,1290754894
92,150,3.5,1290754473
92,165,3.5,1290755094
92,260,1.5,1290754890
92,266,5.0,1290755941
92,277,3.0,1290752717
92,296,4.0,1290754865
92,318,5.0,1290754885
92,344,4.0,1290753448
92,356,5.0,1290754869
92,364,3.5,1290755097
92,377,4.0,1290755073
92,380,3.0,1290755063
92,408,4.5,1290753340
92,413,2.0,1290753831
92,480,4.0,1290754880
92,527,4.5,1290754921
92,539,4.0,1290833086
92,552,2.0,1290752590
92,577,2.0,1290754325
92,588,4.5,1290753857
92,589,4.5,1290754902
92,590,3.5,1290754925
92,592,4.5,1290754898
92,593,3.5,1290754872
92,595,4.5,1290755102
92,597,4.5,1290755833
92,616,2.5,1290754551
92,673,0.5,1290752703
92,762,2.5,1290752665
92,780,4.0,1290754910
92,783,2.0,1290752673
92,802,4.5,1290752601
92,832,3.5,1290755857
92,858,4.0,1290755090
92,924,2.0,1290753120
93,19,2.5,1153184420
93,104,2.5,1153184451
93,111,5.0,1153184390
93,223,4.0,1153184383
93,296,5.0,1153184535
93,778,5.0,1153184524
93,919,0.5,1153184397
94,17,4.0,835234718
94,110,4.0,835234614
94,163,4.0,835234837
94,185,4.0,835234599
94,231,3.0,835234569
94,253,3.0,835234600
94,288,4.0,835234614
94,337,3.0,835234677
94,339,3.0,835234581
94,344,3.0,835234551
94,350,4.0,835234730
94,353,3.0,835234837
94,355,3.0,835234867
94,356,5.0,835234677
94,357,4.0,835234774
94,362,3.0,835234982
94,364,5.0,835234643
94,368,3.0,835234929
94,370,4.0,835234951
94,377,5.0,835234740
94,380,4.0,835234531
94,381,5.0,835234849
94,431,3.0,835235268
94,434,4.0,835234581
94,442,4.0,835234752
94,454,3.0,835234643
94,457,4.0,835234599
94,466,5.0,835234970
94,480,3.0,835234696
94,485,3.0,835234942
94,500,3.0,835234764
94,508,5.0,835235257
94,509,3.0,835234752
94,520,4.0,835234982
94,527,4.0,835234764
94,539,4.0,835234783
94,552,4.0,835235257
94,553,2.0,835234677
94,586,3.0,835234820
94,587,4.0,835234800
94,588,3.0,835234551
94,589,4.0,835234730
94,590,4.0,835234531
94,592,3.0,835234531
94,593,4.0,835234599
94,595,4.0,835234569
94,597,5.0,835234800
95,1,5.0,943972267
95,6,4.0,943973802
95,10,5.0,943975743
95,11,5.0,943974581
95,16,4.0,943972992
95,21,4.0,943972676
95,25,4.0,943971876
95,32,4.0,943971919
95,34,4.0,943973671
95,39,3.0,943972760
95,45,3.0,943974737
95,47,4.0,943971919
95,50,5.0,943971801
95,60,4.0,943975076
95,62,4.0,943973419
95,70,4.0,943975825
95,79,3.0,943974032
95,86,5.0,943974523
95,95,5.0,943975825
95,141,3.0,943972992
95,150,5.0,943972715
95,159,5.0,943974402
95,161,4.0,943974170
95,163,5.0,943972991
95,164,3.0,943974991
95,165,3.0,943973975
95,198,4.0,943973331
95,207,4.0,943974737
95,223,4.0,943972351
95,224,4.0,943974233
95,246,3.0,943973460
95,253,4.0,943975154
95,260,5.0,943975547
95,265,5.0,943972676
95,280,4.0,943973280
95,292,5.0,943974835
95,293,5.0,943974356
95,296,5.0,943972760
95,303,2.0,943974555
95,316,5.0,943974581
95,318,5.0,943972030
95,329,4.0,943974991
95,333,2.0,943973975
95,337,4.0,943973917
95,339,4.0,943975204
95,344,5.0,943975118
95,349,5.0,943975780
95,350,3.0,943974955
95,353,4.0,943972868
95,356,4.0,943972305
95,357,4.0,943973460
95,364,5.0,943973147
95,368,4.0,943972139
95,377,5.0,943973671
95,380,5.0,943973460
95,381,3.0,943972351
95,440,4.0,943974233
95,441,4.0,943972715
95,442,3.0,943975436
95,448,4.0,943974555
95,457,4.0,943972413
95,471,4.0,943973242
95,474,4.0,943973553
95,480,5.0,943972868
95,481,2.0,943975436
95,494,5.0,943974683
95,500,3.0,943974886
95,508,5.0,943974491
95,509,3.0,943973419
95,511,4.0,943974315
95,514,2.0,943974886
95,524,3.0,943972351
95,529,4.0,943973280
95,538,4.0,943972949
95,539,4.0,943975348
95,555,3.0,943972676
95,587,5.0,943973917
95,588,5.0,943973242
95,589,5.0,943972268
95,590,5.0,943972992
95,593,5.0,943971844
95,595,4.0,943972797
95,608,4.0,943972305
95,628,4.0,943973866
95,647,4.0,943972139
95,648,5.0,943975475
95,653,2.0,943974555
95,708,4.0,943974991
95,719,2.0,943974453
95,733,5.0,943974170
95,736,4.0,943974453
95,786,3.0,943974652
95,788,3.0,943974737
95,802,4.0,943974032
95,805,4.0,943973742
95,832,3.0,943973628
95,852,4.0,943974491
95,858,4.0,943975547
96,1,4.5,1167525654
96,110,5.0,1167525611
96,260,4.0,1167525603
96,480,4.5,1167525564
96,589,4.0,1167525652
96,593,4.5,1167525591
96,780,4.5,1167525624
97,3,4.0,834485760
97,5,2.0,834485622
97,11,5.0,834485966
97,25,4.0,834485622
97,32,4.0,837427940
97,47,4.0,834486570
97,50,5.0,834486570
97,57,5.0,834486482
97,62,5.0,837427939
97,79,2.0,837427971
97,95,3.0,837427970
97,111,4.0,834486692
97,140,5.0,834486482
97,150,4.0,834397248
97,151,3.0,834486087
97,153,3.0,834397619
97,165,3.0,834397619
97,185,4.0,834398753
97,195,1.0,834486437
97,207,2.0,834486409
97,208,4.0,834398753
97,224,5.0,834486225
97,225,4.0,834486570
97,231,1.0,834398050
97,236,3.0,834485966
97,237,4.0,834486224
97,252,4.0,834485966
97,253,4.0,834398753
97,256,3.0,834486087
97,266,4.0,834485966
97,276,3.0,834486225
97,282,4.0,834486692
97,289,4.0,834486437
97,292,3.0,834486570
97,296,4.0,834397248
97,300,4.0,834398949
97,316,1.0,834398050
97,318,5.0,834398050
97,329,3.0,834398050
97,337,4.0,834486692
97,339,5.0,834485966
97,342,3.0,834486342
97,344,2.0,834397619
97,349,3.0,834397619
97,380,4.0,834397248
97,410,3.0,834398949
97,417,4.0,834486437
97,440,5.0,834486087
97,454,5.0,834486692
97,457,4.0,834398949
97,497,5.0,834486409
97,539,5.0,834486342
97,587,4.0,834486342
97,588,5.0,834397619
97,590,5.0,834397248
97,592,4.0,834397248
97,593,5.0,834398949
97,595,5.0,834398050
97,597,4.0,834486409
97,653,3.0,834485760
97,708,5.0,834486482
97,733,5.0,834485622
98,11,4.0,1309546224
98,16,4.5,1309659449
98,19,3.0,1309494102
98,23,1.0,1309564604
98,29,5.0,1309660002
98,32,4.5,1309492239
98,40,2.0,1309660887
98,65,1.0,1309567876
98,74,1.5,1309566752
98,88,1.5,1309568130
98,94,3.0,1309566671
98,100,2.0,1309661877
98,101,3.0,1309569368
98,113,1.5,1309566822
98,122,3.0,1309569214
98,135,2.0,1309491895
98,144,1.0,1309659000
98,145,0.5,1309565439
98,147,3.5,1309566248
98,150,4.0,1309547622
98,153,2.0,1309566315
98,155,2.0,1309567337
98,157,1.5,1309493074
98,159,2.0,1309660110
98,161,3.0,1309660759
98,162,5.0,1309660823
98,215,4.0,1309566838
98,216,2.0,1309567857
98,222,2.5,1309659985
98,223,2.0,1309660089
98,319,3.5,1309491932
98,327,2.0,1309491884
98,344,5.0,1309494083
98,345,1.0,1309494474
98,346,4.0,1309565363
98,348,3.5,1309659072
98,349,3.5,1309660085
98,353,3.5,1309660794
98,384,3.5,1309565461
98,408,0.5,1309493362
98,410,4.0,1309494253
98,413,1.0,1309494968
98,414,2.0,1309494963
98,415,2.5,1309546939
98,416,1.5,1309565508
98,417,2.0,1309566074
98,418,2.0,1309566932
98,419,1.0,1309567316
98,420,2.0,1309567302
98,422,2.0,1309568373
98,423,2.5,1309568837
98,424,3.5,1309568816
98,428,2.0,1309658972
98,431,3.5,1309659365
98,432,1.5,1309661930
98,480,4.5,1309545189
98,541,5.0,1309568257
98,564,3.0,1309661387
98,588,4.0,1309495046
98,592,3.5,1309566303
98,647,2.0,1309660709
98,674,4.0,1309566039
98,681,2.5,1309660080
98,710,1.5,1309661087
98,735,3.0,1309659521
98,737,1.0,1309566027
98,748,2.5,1309492647
98,836,2.0,1309661117
98,851,4.0,1309566251
98,866,3.0,1309569388
98,923,5.0,1309661867
98,924,5.0,1309492386
99,1,1.0,1210542668
99,2,3.0,1210547230
99,5,2.5,1211169674
99,12,1.0,1210542441
99,17,4.0,1210542990
99,19,1.5,1210654324
99,39,2.5,1210542944
99,47,3.5,1210542742
99,89,3.0,1210545358
99,107,4.0,1210545196
99,110,3.5,1210543833
99,112,3.5,1210543395
99,153,3.5,1210542808
99,168,3.5,1210543562
99,216,3.0,1210545828
99,224,3.0,1210545350
99,231,0.5,1210542843
99,260,4.5,1210542624
99,317,2.0,1211164445
99,339,2.5,1210542975
99,344,1.0,1210542724
99,364,3.5,1210542795
99,367,1.0,1210542893
99,377,2.5,1210542687
99,410,2.5,1210654503
99,435,1.5,1211164743
99,457,4.0,1210542619
99,480,2.5,1211164159
99,500,2.0,1210542840
99,520,1.5,1210543390
99,546,1.5,1210546394
99,551,3.5,1210543189
99,586,2.5,1210542971
99,588,3.5,1210542691
99,592,4.0,1210542628
99,595,2.5,1210542813
99,613,4.0,1210544199
99,724,2.5,1210545776
99,733,3.0,1210542782
99,736,2.5,1210542802
99,780,2.0,1210542658
99,788,1.5,1210654343
99,805,3.0,1210543543
99,837,3.0,1210546464
99,838,3.5,1210545779
99,903,3.0,1210543506
99,904,3.5,1216584457
99,919,2.0,1210543133
99,934,2.5,1210542453
100,1,5.0,1036190575
100,18,4.0,1036189310
100,34,4.0,1036190108
100,39,5.0,1037405766
100,125,5.0,1037406049
100,144,5.0,1037406456
100,156,4.0,1036190240
100,168,2.0,1036189994
100,180,4.0,1036188760
100,196,3.0,1036189310
100,222,5.0,1036189123
100,231,2.0,1036188912
100,296,4.0,1036190177
100,307,5.0,1052688508
100,308,4.0,1052688487
100,317,3.0,1037404660
100,339,4.0,1037406605
100,342,5.0,1037405903
100,345,5.0,1036188498
100,353,4.0,1036188717
100,364,4.0,1037404947
100,405,2.0,1036188498
100,413,3.0,1036189060
100,419,2.0,1036188685
100,441,5.0,1037405685
100,449,5.0,1037405298
100,471,4.0,1036188451
100,519,1.0,1036189332
100,527,4.0,1036188685
100,539,5.0,1037406456
100,541,5.0,1037406886
100,543,4.0,1037406107
100,562,4.0,1037405596
100,586,3.0,1036188983
100,587,3.0,1036189724
100,608,5.0,1036541432
100,653,3.0,1036190085
100,708,4.0,1037406049
100,736,2.0,1036190108
100,741,5.0,1036190612
100,745,5.0,1036190575
100,750,5.0,1037406855
100,778,5.0,1036541535
100,842,2.0,1036188576
100,858,5.0,1036190296
100,902,5.0,1037406766
100,905,5.0,1036189546
100,916,5.0,1037405635
100,919,4.0,1036189173
100,920,3.0,1036188197
100,923,5.0,1036190750
100,924,4.0,1036541405
100,933,5.0,1037406131
100,953,4.0,1036541575
