,Mystery,Sci-Fi,Crime,Romance,Animation,IMAX,Action,(no genres listed),Comedy,Documentary,War,Drama,Horror,Film-Noir,Musical,Fantasy,Adventure,Children,Thriller,Western
1,6,8,10,10,3,2,18,0,12,0,3,22,1,0,2,4,15,5,20,1
2,2,5,12,9,4,3,15,0,18,0,2,20,3,0,3,6,14,7,15,4
3,0,9,2,6,0,0,10,0,16,0,1,5,1,0,2,3,11,3,3,4
4,2,5,4,5,0,1,7,0,10,0,2,10,1,1,0,3,2,2,8,1
5,86,100,137,189,28,4,150,0,359,30,65,550,83,16,69,71,135,42,205,38
6,33,81,94,90,34,30,163,0,199,3,13,191,12,4,14,48,107,35,119,4
7,4,0,7,5,2,0,3,0,12,0,1,13,0,1,1,0,2,2,7,0
8,65,141,130,76,43,26,234,0,198,7,27,255,60,6,16,76,167,34,211,10
9,16,7,18,29,1,1,26,0,56,0,3,69,19,3,0,10,21,4,46,4
10,1,1,3,7,6,1,3,0,8,0,3,8,0,0,5,5,4,7,3,0
11,47,119,80,92,61,4,174,0,203,1,17,208,49,12,49,77,167,82,142,11
12,1,11,3,9,4,0,20,0,20,0,2,16,2,0,3,10,14,5,15,1
13,0,4,3,6,2,0,8,0,19,3,5,7,4,0,1,3,5,2,5,1
14,3,7,8,10,3,3,12,0,18,0,1,11,2,0,3,3,10,4,13,1
15,10,16,21,60,4,20,38,0,57,2,5,66,0,1,3,25,36,6,32,1
16,0,4,3,3,1,0,11,0,10,0,2,5,5,0,0,3,4,0,6,2
17,5,0,6,8,0,0,9,0,6,0,2,17,0,0,0,3,5,2,8,1
18,0,4,5,3,3,2,9,0,8,0,1,7,1,0,3,2,11,4,9,1
19,20,27,8,5,1,0,15,0,30,0,3,41,111,0,2,13,5,1,48,2
20,2,4,4,7,1,0,10,0,14,0,3,15,1,0,0,5,10,1,6,2
21,6,5,8,6,2,0,11,0,10,3,1,18,6,0,1,4,8,2,11,0
22,1,10,2,3,2,3,14,0,12,0,2,6,0,0,2,7,16,3,3,0
23,1,9,11,2,1,2,17,0,11,0,4,17,2,0,1,3,12,2,16,1
24,18,16,61,66,16,5,47,0,67,5,18,195,5,1,8,22,41,19,57,4
25,5,16,15,9,15,8,21,0,33,0,5,30,3,0,3,12,25,14,18,1
26,9,24,23,24,1,0,40,0,33,0,5,51,11,1,3,3,22,0,47,3
27,0,3,3,8,9,3,9,0,18,0,6,25,0,0,8,9,13,18,5,2
28,6,7,6,3,1,0,8,0,14,1,1,24,7,0,2,6,4,1,13,0
29,3,3,15,11,1,1,18,0,17,0,6,28,2,0,1,1,13,2,25,1
30,6,18,20,24,3,0,29,0,63,4,8,70,7,0,8,6,20,7,25,2
31,34,73,54,32,23,9,125,0,77,1,20,121,29,11,10,51,101,21,86,7
32,2,4,6,3,0,0,9,0,7,0,0,5,0,0,0,0,7,0,9,0
33,0,1,1,6,2,0,5,0,10,0,0,10,0,0,3,6,7,2,2,0
34,4,3,6,3,0,0,7,0,7,0,0,4,4,0,0,1,0,0,12,0
35,11,25,19,29,14,7,41,0,66,2,9,42,4,2,8,17,37,15,27,1
36,0,1,6,4,3,3,9,0,6,0,2,9,0,0,3,1,9,3,11,1
37,53,69,81,49,19,2,113,0,101,2,27,189,43,9,5,39,80,23,138,4
38,58,218,70,56,19,6,211,0,187,0,16,174,252,5,17,76,152,35,251,8
39,0,5,4,5,2,0,4,0,19,0,2,11,2,0,2,3,4,2,4,0
40,3,8,11,43,6,1,12,0,104,2,3,43,3,0,8,17,21,10,8,1
41,8,5,17,13,2,2,12,0,37,1,3,30,0,3,1,9,16,1,12,0
42,4,5,10,16,5,2,21,0,24,0,5,21,0,0,4,8,17,6,24,1
43,0,4,1,22,4,4,7,0,24,0,1,27,0,0,7,9,15,6,3,0
44,17,11,34,18,3,3,33,0,39,2,5,71,12,3,1,7,18,6,53,1
45,31,12,63,35,10,6,34,0,59,2,18,138,11,14,6,16,32,7,61,4
46,49,76,96,83,12,10,73,0,146,5,23,297,11,14,4,17,61,8,103,16
47,6,2,7,1,0,0,8,0,6,0,1,9,3,1,0,1,1,0,13,1
48,17,49,27,54,4,0,40,0,147,2,9,103,12,5,10,29,46,17,31,2
49,29,31,35,26,7,5,55,0,34,0,9,73,13,3,1,10,41,7,74,1
50,1,10,7,7,3,3,19,0,24,0,3,15,2,0,3,3,17,4,11,3
51,64,76,69,174,116,32,108,3,326,35,16,359,59,4,84,140,188,161,120,17
52,9,11,18,5,2,1,17,0,18,0,4,25,7,1,0,2,3,1,23,0
53,1,5,6,4,2,1,9,0,8,0,1,14,0,1,2,1,8,2,11,1
54,9,12,22,15,8,1,26,0,30,0,10,46,5,3,9,7,22,9,25,0
55,12,7,22,26,5,4,14,0,16,0,3,65,1,1,2,7,9,2,20,2
56,11,38,42,33,15,1,59,0,87,10,6,81,11,4,8,27,57,10,43,3
57,50,83,101,86,38,17,181,0,241,2,19,181,43,6,27,68,128,49,161,10
58,0,9,3,17,1,0,10,0,25,0,3,22,0,0,1,4,9,2,4,0
59,11,5,14,24,10,7,8,0,34,0,3,36,3,4,12,14,12,15,18,1
60,1,3,0,5,2,0,3,0,7,0,1,13,3,0,0,2,4,2,3,0
61,11,18,25,30,17,14,43,0,65,0,5,60,7,1,15,34,53,20,31,2
62,1,6,13,22,5,0,22,0,45,12,3,90,4,0,6,7,15,7,25,1
63,9,12,8,14,4,0,21,0,41,0,1,20,9,0,1,8,16,5,17,1
64,18,22,20,55,11,2,42,0,78,0,0,63,4,3,16,16,36,18,43,0
65,2,14,6,5,9,0,19,0,19,1,2,7,2,0,5,12,25,11,10,1
66,13,10,16,12,6,2,28,0,22,0,4,24,5,0,2,7,26,7,28,2
67,15,14,17,17,4,1,29,0,30,0,5,42,15,0,3,9,16,3,37,1
68,4,8,11,7,2,2,18,0,17,0,0,12,2,0,2,5,13,4,20,1
69,6,7,8,16,4,0,13,0,27,0,2,28,4,0,3,4,11,4,21,0
70,15,52,30,19,10,5,65,0,93,1,9,52,9,1,12,27,58,14,44,5
71,4,8,2,5,3,0,11,0,10,0,2,6,1,1,1,3,13,3,8,2
72,4,8,13,62,5,1,17,0,94,0,6,79,4,0,11,11,16,15,17,3
73,1,9,8,5,3,2,31,0,44,0,2,7,3,0,2,6,23,5,19,0
74,14,30,31,23,14,5,46,0,83,1,4,45,6,1,6,22,37,19,50,1
75,3,7,10,3,0,0,27,0,2,0,7,20,5,0,1,3,15,1,15,2
76,16,40,38,37,7,10,51,0,79,9,11,101,12,1,6,21,49,6,40,3
77,4,3,8,4,2,0,6,0,7,0,1,11,1,0,2,3,8,3,13,0
78,8,23,27,40,4,4,43,0,71,1,4,59,6,2,6,14,39,9,38,2
79,2,16,2,3,6,2,15,0,14,0,4,15,2,0,1,6,19,6,4,1
80,2,12,10,12,5,1,17,0,30,0,3,18,4,0,4,5,15,8,18,4
81,5,33,21,8,16,13,68,0,38,0,7,21,4,1,5,23,56,20,35,1
82,5,69,7,17,8,0,45,0,74,0,5,18,9,0,8,22,49,21,26,1
83,16,32,30,14,14,25,49,0,40,0,8,67,12,1,4,22,48,15,45,3
84,11,7,17,12,4,0,13,0,25,0,6,29,17,3,3,5,9,3,17,1
85,2,16,12,9,12,4,29,0,29,0,2,14,4,1,5,19,33,19,17,0
86,9,7,7,13,1,0,15,0,21,1,4,31,4,1,3,0,9,7,17,0
87,3,0,4,6,7,0,4,0,15,0,3,18,7,0,5,10,7,9,6,1
88,2,8,4,2,1,3,14,0,7,0,1,9,0,0,0,9,19,3,5,0
89,2,5,4,6,6,3,14,0,12,0,2,11,0,0,5,7,17,11,11,1
90,32,63,77,38,5,6,119,0,127,12,18,146,43,3,6,27,72,5,125,4
91,4,16,13,6,0,2,15,0,28,0,1,15,13,0,4,5,6,3,15,0
92,14,29,35,47,25,14,50,0,87,1,9,93,18,0,12,29,56,41,49,4
93,1,2,11,0,1,0,8,0,14,0,0,8,1,0,1,6,8,2,9,0
94,1,3,6,15,3,2,17,0,19,0,4,18,2,0,3,5,12,6,13,4
95,24,37,54,50,7,3,102,0,73,1,8,108,13,3,4,18,52,10,96,11
96,2,10,2,2,4,0,15,0,7,0,1,5,2,0,0,7,16,4,5,0
97,3,6,10,24,2,2,14,0,27,0,2,27,2,0,2,4,12,3,19,2
98,41,80,110,80,17,6,136,0,244,28,28,293,92,5,19,46,81,26,165,12
99,32,42,64,89,25,16,120,0,149,3,16,152,31,1,27,65,104,46,112,3
100,15,27,32,57,18,1,45,0,170,2,16,103,10,0,18,37,46,26,28,1
101,4,6,7,7,0,1,21,0,14,0,1,8,3,0,0,7,13,0,16,2
102,5,15,11,23,6,1,24,0,53,1,6,50,2,1,10,16,26,9,24,4
103,6,12,13,20,3,0,29,0,52,0,1,41,8,0,4,10,22,8,39,0
104,4,8,9,11,1,0,21,0,32,0,4,22,8,1,0,4,9,6,15,2
105,3,3,4,5,2,0,10,0,10,0,0,8,0,0,1,4,10,2,13,0
106,2,7,1,7,9,0,14,0,9,0,4,8,8,0,3,10,11,9,11,2
107,8,10,16,36,0,1,19,0,49,0,3,53,5,1,2,4,10,1,37,3
108,2,17,4,6,6,2,24,0,28,0,1,13,3,0,2,16,24,10,8,1
109,11,71,44,51,25,15,121,0,107,0,16,101,10,2,14,42,102,30,68,11
110,4,31,11,17,1,1,40,0,32,0,8,31,6,1,0,8,30,3,24,2
111,6,7,13,8,1,2,20,0,13,0,7,25,5,0,1,2,13,1,19,2
112,1,2,6,0,1,2,4,0,4,0,2,15,0,0,0,1,1,0,4,0
113,7,6,13,3,0,0,17,0,17,0,0,13,30,0,0,7,10,1,27,0
114,4,8,14,22,1,0,21,0,25,0,3,35,1,1,1,4,15,1,26,0
115,4,7,9,10,10,6,20,0,26,0,2,12,3,2,11,13,21,12,10,0
116,1,6,2,6,0,1,9,0,11,0,2,8,1,0,1,6,8,0,8,0
117,3,8,8,4,2,3,21,0,14,0,5,17,1,1,1,7,16,2,11,2
118,39,31,72,39,13,9,68,0,61,2,25,162,15,12,7,24,45,13,72,16
119,6,13,12,65,19,3,16,0,126,1,11,128,4,1,59,24,34,35,9,8
120,2,6,0,11,2,0,7,0,23,0,0,12,0,0,1,7,12,10,6,0
121,0,7,9,7,1,1,23,0,13,0,3,9,1,0,1,2,14,1,17,2
122,2,2,4,15,0,1,6,0,29,1,3,25,1,0,2,2,7,2,6,4
123,3,7,10,12,1,0,18,0,34,0,1,21,2,1,1,5,14,4,20,0
124,3,7,7,10,7,2,10,0,24,0,1,14,5,0,3,6,11,8,8,0
125,21,22,35,62,11,3,47,0,61,1,26,143,9,5,19,21,41,15,44,9
126,4,5,13,11,1,0,17,0,11,0,2,22,1,1,1,2,9,1,20,1
127,6,4,2,5,0,0,6,0,5,0,1,10,3,2,1,1,1,0,11,0
128,1,4,4,6,3,3,11,0,11,0,2,9,1,0,3,4,10,5,8,1
129,2,13,10,14,5,3,29,0,29,0,3,24,2,0,6,9,21,10,18,3
130,59,102,168,78,33,8,299,0,253,3,63,304,69,15,25,61,167,53,238,34
131,30,59,66,42,22,7,104,0,144,4,8,106,37,3,14,46,78,45,98,2
132,8,16,19,37,11,3,47,0,71,0,8,62,6,0,9,16,33,23,47,9
133,5,6,9,11,2,2,7,0,15,1,1,28,2,0,2,3,10,1,8,0
134,1,6,5,6,6,3,12,0,10,0,1,9,0,0,5,3,14,8,9,1
135,3,7,7,13,3,0,16,0,19,0,3,29,3,1,1,5,12,4,15,0
136,7,14,10,16,22,4,22,0,25,0,5,37,5,2,4,24,28,11,20,0
137,1,0,5,7,2,1,6,0,37,7,1,17,0,0,1,5,6,3,4,1
138,1,9,7,8,9,3,12,0,27,0,4,24,0,1,8,13,21,11,13,3
139,14,20,18,24,4,1,36,0,40,0,7,41,16,1,3,17,30,8,36,2
140,11,15,8,7,4,0,10,0,36,0,1,36,53,3,5,12,12,4,28,3
141,1,3,1,8,13,1,3,0,17,0,1,26,0,1,8,8,9,20,3,1
142,6,12,5,11,7,0,21,0,38,0,3,30,11,2,0,11,14,8,14,0
143,199,224,322,404,78,53,468,0,813,22,78,1065,312,23,110,211,364,184,663,42
144,0,5,2,7,2,0,5,0,5,1,1,12,0,0,1,1,4,2,6,0
145,21,34,34,36,2,4,46,0,41,7,13,105,10,3,0,17,39,2,52,5
146,25,40,46,45,8,16,102,0,63,0,10,99,8,2,5,17,70,12,80,3
147,1,1,2,7,0,0,2,0,6,1,2,19,0,0,2,0,1,0,4,0
148,9,13,12,9,7,0,17,0,37,3,3,22,3,0,1,8,16,7,18,0
149,2,5,11,18,2,2,29,0,32,0,2,20,1,0,2,5,13,4,24,3
150,2,13,13,14,5,0,26,0,35,0,1,31,7,0,4,7,22,7,33,0
151,9,21,28,22,4,3,47,0,44,0,6,45,19,0,4,12,25,8,51,5
152,1,4,7,1,1,0,11,0,10,0,0,6,0,0,1,1,10,1,9,1
153,5,9,14,21,4,1,10,0,30,3,4,66,3,0,5,5,14,5,21,1
154,2,3,3,16,1,0,4,0,34,0,1,12,1,0,0,4,4,5,2,1
155,7,15,20,8,3,4,33,0,11,0,6,36,2,1,1,6,19,1,23,3
156,1,1,4,5,0,0,4,0,6,1,4,11,2,0,1,1,1,0,3,1
157,10,98,21,23,41,2,68,0,158,0,2,38,27,1,23,40,79,59,45,7
158,2,1,3,2,1,0,4,0,4,2,1,15,3,0,0,2,3,0,7,0
159,44,116,59,41,45,14,141,0,138,4,22,204,63,3,17,65,87,15,111,10
160,1,14,14,9,2,0,48,0,18,0,3,20,5,0,2,5,22,5,35,1
161,13,9,10,21,1,0,20,0,28,0,26,50,6,3,3,4,16,3,21,2
162,0,1,1,5,1,0,2,0,11,0,2,13,0,0,0,1,2,2,2,0
163,89,168,177,101,40,56,279,0,277,16,39,389,84,44,22,92,210,54,274,38
164,6,7,13,19,2,0,16,0,33,0,2,43,1,2,1,5,11,3,25,1
165,1,3,4,19,1,0,6,0,39,0,3,20,0,0,2,5,5,1,1,2
166,1,0,3,7,1,0,2,0,7,0,1,18,0,0,1,2,2,3,3,1
167,31,73,72,70,19,35,127,0,199,2,8,183,24,2,3,35,63,13,90,2
168,56,78,109,217,19,3,135,0,411,27,38,421,43,21,46,64,101,42,155,15
169,5,8,15,10,1,1,25,0,21,1,3,27,2,0,1,6,12,2,29,3
170,2,2,6,4,3,0,5,0,9,0,1,12,5,0,1,5,4,2,8,0
171,4,5,7,6,1,0,8,0,20,0,0,10,1,0,0,8,10,2,9,0
172,5,5,6,4,3,0,8,0,11,0,1,9,2,0,3,3,7,4,11,1
173,5,89,14,15,6,0,52,0,48,0,2,40,19,1,2,10,48,13,39,1
174,1,12,1,5,2,3,13,0,1,0,2,9,0,0,1,4,17,2,5,0
175,4,21,20,18,5,4,37,0,43,0,7,42,7,0,1,11,21,4,32,2
176,44,148,130,114,42,10,288,0,303,3,54,259,49,4,32,74,197,72,208,26
177,0,7,4,11,2,0,10,0,17,0,3,18,4,0,2,1,6,0,10,0
178,13,41,25,24,6,0,76,0,62,0,15,61,18,0,4,22,45,9,50,6
179,1,11,5,7,7,4,15,0,34,1,0,14,0,0,3,17,30,15,2,2
180,1,2,3,38,2,0,3,0,26,0,3,23,2,1,3,5,6,3,5,1
181,4,8,11,6,3,3,18,0,12,0,4,17,1,0,3,3,13,3,20,2
182,7,14,18,24,4,3,35,0,36,1,6,44,3,0,4,9,23,10,33,6
183,19,50,39,45,21,6,78,0,106,1,15,83,17,5,11,33,73,26,66,4
184,6,9,10,11,8,1,14,0,23,0,5,33,6,0,4,7,14,8,15,0
185,76,96,136,301,38,13,193,0,388,16,39,563,57,10,26,76,143,59,262,9
186,25,38,60,39,4,1,134,0,64,0,10,94,6,1,4,15,54,10,143,11
187,15,19,20,39,7,4,26,0,36,2,10,108,11,0,3,12,26,7,27,1
188,34,12,64,37,1,1,51,0,47,6,32,174,9,16,12,9,28,0,78,19
189,3,5,7,16,2,0,15,0,28,0,3,31,2,0,1,4,15,6,17,0
190,7,7,16,6,3,0,21,0,10,0,3,20,3,0,0,8,13,1,21,3
191,9,17,27,45,6,3,26,0,63,5,7,108,7,1,6,10,21,9,42,3
192,2,1,6,4,0,0,4,0,13,1,1,14,0,0,1,0,1,0,6,2
193,1,3,2,8,3,2,5,0,6,1,1,8,2,0,2,4,5,4,7,0
194,3,5,2,52,4,0,8,0,53,0,2,36,3,0,5,12,9,6,10,0
195,10,46,26,18,24,7,67,0,92,1,7,52,7,1,25,32,64,28,28,7
196,3,3,5,13,1,0,6,0,30,0,4,22,1,0,1,5,5,2,5,1
197,1,2,3,3,3,1,7,0,8,0,3,7,0,0,0,3,5,9,5,0
198,3,24,3,3,5,5,22,0,8,0,2,8,2,0,1,4,15,3,10,0
199,2,4,2,17,7,1,13,0,35,0,3,16,1,0,6,11,13,13,8,4
200,9,21,21,28,6,3,38,0,49,4,10,57,7,0,2,15,41,6,35,2
201,11,59,20,11,24,3,52,0,62,2,5,45,13,3,12,24,57,26,33,3
202,57,159,150,52,5,1,251,0,104,0,19,195,42,15,6,31,133,16,243,11
203,2,5,8,7,1,0,8,0,20,0,3,27,1,0,1,3,5,0,10,0
204,2,4,3,2,1,0,10,0,8,0,0,3,0,0,1,3,8,2,9,0
205,12,9,26,58,13,12,31,0,45,0,7,98,6,1,8,27,32,10,37,1
206,3,4,3,17,1,1,4,0,19,0,1,22,3,1,1,6,6,2,7,0
207,13,35,52,36,15,7,101,0,72,2,46,118,11,0,9,26,69,25,70,5
208,3,2,8,6,1,0,9,0,10,0,1,10,2,0,1,0,6,1,14,1
209,12,18,12,34,0,1,24,0,38,0,16,51,2,3,6,7,27,3,20,4
210,7,7,17,6,3,2,17,0,17,0,1,14,8,2,0,5,11,5,21,1
211,2,30,21,30,11,3,42,0,53,0,11,79,7,0,16,18,38,25,31,5
212,4,7,16,16,4,1,15,0,26,0,3,41,3,0,2,5,9,6,20,1
213,0,4,5,13,2,0,6,0,14,0,2,23,0,0,3,3,4,4,8,0
214,7,20,25,18,7,1,58,0,42,0,3,30,2,1,2,9,44,7,43,1
215,51,48,118,93,11,6,128,0,150,13,52,281,23,14,7,27,85,15,141,15
216,1,2,7,8,13,2,4,0,14,0,0,14,2,0,3,5,7,12,3,0
217,2,2,4,3,2,2,8,0,6,0,0,12,1,0,0,3,4,2,12,2
218,2,4,3,11,1,0,7,0,19,0,3,21,5,0,2,1,6,1,8,0
219,3,3,6,5,1,1,6,0,7,0,5,16,1,0,0,1,3,1,8,0
220,15,34,23,117,5,2,69,0,106,3,12,160,3,1,16,41,79,32,39,3
221,0,6,4,3,0,1,11,0,10,0,1,6,3,0,0,3,4,0,3,1
222,18,12,25,16,4,0,27,0,30,0,4,29,15,1,3,13,14,4,32,1
223,31,18,35,45,13,2,19,0,81,0,15,115,15,11,39,34,39,28,36,8
224,3,6,6,9,1,0,19,0,22,0,0,22,3,0,2,5,11,2,19,0
225,8,32,29,24,16,22,79,0,85,0,5,36,14,0,10,27,55,29,53,1
226,0,0,3,8,1,2,3,0,12,0,1,11,2,0,1,2,2,2,3,1
227,26,51,72,55,30,22,142,0,213,13,42,175,23,0,12,43,105,51,84,5
228,12,46,15,18,34,25,61,0,37,1,6,38,1,2,13,23,66,28,31,1
229,4,24,9,3,5,9,20,0,3,0,1,18,1,0,3,0,14,5,16,0
230,5,11,11,6,1,0,43,0,6,0,1,7,0,0,1,5,20,1,30,2
231,34,54,65,78,32,12,87,0,172,7,6,147,43,2,24,63,80,40,102,1
232,35,129,77,75,10,0,232,0,222,0,30,171,43,7,19,65,161,54,157,17
233,24,36,50,83,18,1,66,0,133,0,13,173,19,1,8,29,57,27,76,5
234,0,3,10,32,0,0,12,0,93,0,4,30,4,1,0,6,8,8,7,2
235,13,24,23,21,12,4,33,0,54,4,14,66,4,2,6,16,32,9,36,0
236,5,9,23,10,3,2,23,0,32,2,5,48,2,0,2,9,22,4,20,4
237,1,6,2,9,3,0,8,0,14,0,0,12,0,0,1,6,12,5,4,1
238,17,35,36,110,7,18,53,0,117,0,10,130,4,0,17,30,41,9,44,1
239,3,7,9,16,1,0,18,0,27,0,0,26,3,0,1,5,12,2,26,0
240,10,26,14,35,9,3,47,0,59,0,6,45,14,0,9,23,37,20,37,5
241,0,7,2,3,1,0,11,0,11,0,1,5,0,0,1,2,9,4,9,0
242,10,13,18,21,8,5,21,0,39,4,5,44,4,0,6,15,19,6,24,1
243,17,10,40,17,0,3,14,0,19,0,3,58,5,8,0,5,8,0,34,1
244,7,9,16,24,8,5,28,0,33,0,4,41,1,0,5,9,22,10,19,2
245,6,18,10,9,10,6,32,0,22,1,0,13,1,0,2,13,38,11,16,0
246,14,1,14,8,3,0,1,0,11,0,2,15,0,21,13,4,4,5,20,0
247,60,87,132,111,29,2,181,0,205,3,44,332,79,29,14,49,118,35,221,25
248,6,13,16,12,1,0,15,0,35,0,4,31,2,1,2,6,11,3,21,1
249,15,28,22,10,10,21,55,0,11,0,7,55,2,0,0,14,36,6,48,1
250,2,14,4,6,1,0,19,0,16,0,5,10,3,0,0,6,17,1,10,2
251,1,4,3,7,2,0,6,0,8,0,3,13,0,0,2,4,5,3,6,0
252,4,6,8,2,6,0,20,0,14,0,2,13,1,0,0,6,16,7,12,2
253,1,1,3,11,0,0,2,0,9,0,1,28,0,0,2,2,2,2,3,0
254,16,3,7,7,0,0,5,0,4,0,0,20,4,1,0,2,2,0,18,0
255,4,11,13,27,12,3,20,0,29,0,9,54,9,0,9,8,18,15,13,4
256,7,19,16,22,8,2,41,0,42,0,5,40,8,0,5,11,25,13,38,2
257,2,16,4,15,5,0,15,0,33,0,5,26,3,1,2,5,14,7,10,1
258,18,61,43,47,21,6,78,0,142,1,17,135,8,1,17,34,80,32,60,7
259,15,49,45,27,20,3,109,0,61,0,17,90,11,2,14,21,70,20,78,12
260,4,5,13,9,3,3,17,0,14,1,8,47,1,1,3,2,11,5,23,4
261,4,17,14,10,4,8,18,0,11,1,6,29,3,0,0,7,18,8,13,0
262,29,55,79,56,10,3,184,0,123,1,21,160,16,1,5,30,96,15,139,10
263,13,35,37,17,9,13,57,0,31,2,7,78,7,3,1,14,39,8,59,2
264,54,212,67,61,67,43,240,0,140,1,30,187,100,3,16,92,175,53,216,7
265,4,8,14,34,6,0,11,0,52,2,4,53,1,2,2,10,11,6,14,0
266,0,2,3,6,1,1,7,0,12,0,2,7,0,0,1,2,6,2,9,1
267,1,3,7,4,1,1,8,0,4,0,0,11,3,0,2,2,5,1,9,0
268,1,4,8,4,1,2,10,0,9,0,5,17,3,0,0,2,4,3,6,0
269,28,79,65,50,33,24,143,0,144,3,12,130,24,1,21,62,109,53,102,5
270,62,107,126,111,36,27,187,0,230,9,32,291,47,4,16,66,149,39,184,9
271,2,8,9,2,2,4,13,0,2,1,0,15,2,0,0,5,11,2,6,0
272,4,12,9,7,4,0,20,0,20,0,1,13,6,1,0,8,14,2,17,1
273,2,2,5,5,3,0,5,0,8,0,0,11,1,0,2,3,5,3,6,0
274,2,3,3,4,2,0,10,0,7,0,0,6,1,0,2,3,10,3,14,0
275,55,31,57,71,1,3,37,0,59,10,18,177,24,2,16,18,16,5,98,2
276,2,3,5,2,1,0,11,0,6,0,0,9,1,0,1,4,9,2,13,0
277,3,8,6,10,1,0,7,0,8,0,1,13,2,0,2,4,8,2,6,0
278,11,45,18,18,3,1,27,0,42,8,16,82,11,1,3,14,29,9,23,5
279,3,4,6,10,6,1,10,0,20,3,2,34,2,0,3,3,7,4,13,0
280,2,4,6,9,0,1,5,0,5,0,6,35,1,0,1,3,4,3,4,0
281,7,7,19,36,10,3,24,0,50,0,12,64,4,7,8,16,30,12,14,2
282,1,5,5,5,3,3,14,0,6,0,3,10,0,0,3,1,11,3,13,1
283,2,2,10,15,0,0,12,0,31,0,5,17,3,0,1,3,6,0,9,3
284,14,47,34,27,22,23,87,0,59,1,12,68,5,0,5,32,79,23,48,7
285,36,93,64,64,23,9,143,0,144,3,18,147,59,4,14,52,107,27,142,11
286,6,7,9,11,3,0,7,0,21,0,5,35,4,0,2,5,8,3,12,0
287,3,3,8,2,1,1,10,0,6,0,2,8,1,1,1,6,8,2,10,0
288,1,1,5,8,1,1,4,0,10,0,3,19,2,0,1,2,4,1,10,3
289,12,50,41,17,10,8,82,0,90,1,5,49,12,1,7,26,60,16,52,1
290,1,12,14,54,13,1,27,0,158,1,6,68,3,0,12,23,25,22,6,4
291,57,116,126,111,63,42,260,0,326,13,40,287,45,8,18,101,194,88,203,10
292,1,5,5,2,1,0,6,0,10,0,0,9,1,0,0,5,6,2,7,0
293,20,24,39,38,8,2,50,0,96,1,5,113,14,1,1,23,37,10,66,3
294,11,29,9,9,5,9,37,0,20,1,1,15,1,0,0,7,25,2,14,2
295,12,6,14,13,3,0,9,0,25,0,5,33,13,5,2,9,9,3,21,0
296,5,3,16,7,2,0,10,0,16,0,5,36,1,0,1,4,11,1,9,1
297,14,45,33,45,17,7,60,0,140,2,8,78,9,1,13,35,68,24,47,4
298,2,2,8,2,0,0,2,0,11,0,1,12,8,0,1,0,4,1,8,0
299,3,14,13,44,9,2,32,0,78,0,8,60,1,0,18,23,30,28,22,4
300,5,4,1,4,1,0,5,0,6,2,4,11,1,1,1,1,3,1,5,0
301,1,4,4,10,1,0,9,0,8,0,2,13,0,0,2,2,8,2,9,0
302,17,26,16,48,14,20,58,0,67,5,33,126,3,0,4,37,63,12,42,0
303,3,12,3,11,3,1,11,0,20,0,1,9,9,0,6,8,8,3,7,0
304,4,3,3,5,4,1,8,0,14,1,2,21,4,1,3,6,9,4,7,0
305,2,0,1,5,0,0,2,0,12,1,6,13,0,1,0,0,4,0,3,1
306,9,14,18,36,9,2,27,0,63,1,8,51,10,2,10,22,41,13,30,2
307,2,5,6,30,5,0,8,0,83,1,1,29,2,0,7,11,11,11,4,1
308,13,42,22,32,23,1,33,0,70,10,14,71,9,10,17,33,45,31,36,2
309,7,5,11,24,0,1,10,0,22,0,5,28,2,6,4,4,12,1,15,1
310,4,12,14,12,3,3,32,0,35,0,3,37,5,0,3,8,17,7,36,4
311,3,2,7,19,1,0,10,0,14,0,1,31,0,0,1,4,7,3,17,0
312,3,7,7,5,0,0,9,0,30,0,0,20,9,0,0,3,6,5,12,1
313,10,1,12,16,0,1,5,0,16,0,8,48,2,8,1,3,12,3,13,3
314,0,6,2,2,0,0,6,0,14,0,1,2,2,0,0,5,7,1,1,1
315,0,4,3,4,1,0,4,0,8,0,3,13,0,0,1,1,6,1,4,1
316,1,10,3,6,0,1,12,0,10,0,1,7,1,0,0,0,5,0,5,2
317,4,10,11,5,2,0,18,0,23,0,3,16,9,0,0,2,9,3,15,1
318,13,25,19,29,5,1,37,0,36,0,14,81,4,2,3,6,26,7,31,2
319,3,13,8,7,2,8,16,0,20,0,2,28,3,0,0,4,9,3,15,0
320,6,4,4,12,1,0,13,0,21,0,6,32,4,0,2,1,9,3,13,1
321,11,19,16,11,0,4,33,0,10,0,14,55,10,0,0,6,22,1,29,1
322,2,1,4,25,0,1,5,0,19,0,3,25,0,0,0,1,3,0,7,2
323,21,45,48,45,18,4,75,0,88,1,9,88,33,8,8,30,58,25,81,1
324,3,7,13,11,3,3,16,0,21,0,2,18,2,0,3,5,14,6,21,2
325,4,0,8,4,1,0,4,0,14,0,1,12,3,0,1,3,6,1,11,1
326,3,1,7,0,2,0,6,0,9,0,2,10,3,0,0,1,3,2,9,0
327,18,15,24,39,8,3,22,0,81,1,5,48,1,3,9,17,28,12,16,2
328,8,12,15,10,3,1,18,0,18,1,8,41,7,1,0,7,13,5,19,1
329,21,78,29,24,6,1,69,0,62,0,6,65,90,2,3,28,30,10,103,5
330,2,20,3,9,4,19,27,0,9,1,2,13,1,0,1,15,32,3,11,0
331,0,8,3,5,2,3,17,0,10,0,1,7,3,0,2,8,11,3,7,0
332,1,2,3,6,0,1,4,0,9,0,1,13,1,0,0,3,4,1,7,0
333,2,4,4,8,2,0,11,0,10,0,1,11,0,0,2,3,11,5,12,0
334,9,5,12,5,1,0,8,0,6,0,2,25,5,2,2,4,4,1,18,1
335,2,6,4,1,4,2,10,0,1,0,3,10,2,0,0,6,8,1,4,1
336,4,2,10,3,0,0,7,0,11,1,4,21,1,1,0,0,3,0,10,0
337,9,3,11,12,3,0,11,0,14,0,6,47,2,1,2,2,15,4,21,3
338,3,8,8,7,3,3,20,0,19,0,3,16,0,0,3,4,15,6,18,1
339,11,5,18,3,0,0,17,0,3,1,1,14,4,2,1,2,6,1,31,1
340,3,13,12,14,1,2,27,0,16,0,5,31,3,0,1,6,20,5,16,1
341,0,0,0,15,2,0,1,0,12,0,1,12,0,0,4,3,2,5,1,0
342,35,134,92,87,25,21,213,0,206,4,32,175,34,3,16,59,150,36,145,16
343,7,2,10,7,0,0,4,0,13,0,1,19,8,1,0,0,2,0,11,1
344,2,10,6,9,2,0,15,0,35,0,0,14,1,0,1,8,13,5,13,0
345,2,14,14,17,9,0,44,0,42,0,2,23,4,0,4,7,26,9,29,1
346,33,34,47,34,4,7,40,0,69,14,8,115,30,3,3,17,19,6,72,1
347,8,19,15,11,18,7,36,0,31,0,2,25,0,1,6,18,40,24,24,2
348,0,14,11,8,8,5,24,0,22,7,0,19,4,0,2,13,26,6,10,2
349,146,151,241,509,80,17,225,0,770,93,112,1171,102,47,134,142,263,128,348,48
350,15,36,35,51,40,7,88,0,152,5,9,96,16,2,16,52,85,46,50,4
351,7,22,17,11,7,7,54,0,42,1,5,29,7,1,1,17,43,9,35,4
352,6,10,18,15,2,0,16,0,24,2,6,32,1,1,0,4,10,2,20,0
353,1,11,3,7,1,0,9,0,6,0,0,13,1,0,0,1,5,1,6,0
354,0,3,3,6,1,2,9,0,8,0,0,5,1,0,1,3,7,3,10,1
355,23,49,42,108,30,9,77,0,177,3,22,193,15,2,28,42,88,45,69,5
356,7,3,12,15,3,0,8,0,24,1,4,35,2,2,3,7,8,2,11,2
357,1,13,8,4,2,0,30,0,23,0,1,12,2,0,2,11,24,5,12,4
358,6,10,22,9,1,3,22,0,13,0,3,32,3,0,2,2,13,1,22,1
359,10,6,11,12,2,0,2,0,16,0,3,31,3,2,0,3,4,3,14,0
360,47,24,76,83,13,4,63,0,139,5,32,193,27,6,19,22,45,24,107,5
361,2,3,3,8,1,0,6,0,9,0,2,17,0,0,2,3,7,2,6,2
362,8,11,21,26,4,3,30,0,33,1,3,46,5,0,4,8,15,7,32,4
363,3,4,12,18,2,2,11,0,21,0,3,25,4,0,1,3,6,3,19,1
364,0,2,1,12,10,3,7,0,29,0,2,13,0,0,6,8,14,24,1,1
365,3,14,2,2,0,0,15,0,4,1,2,10,9,0,1,1,6,0,17,2
366,55,109,166,76,30,10,291,0,218,13,44,299,53,2,11,58,150,32,220,15
367,6,7,2,10,2,1,7,0,10,0,0,18,1,0,0,4,8,2,9,0
368,2,9,7,3,0,0,13,0,12,0,0,9,5,1,0,2,8,0,7,1
369,4,5,12,10,0,0,19,0,9,0,5,27,2,0,1,2,5,0,20,0
370,3,6,5,6,2,0,10,0,14,0,1,14,3,1,3,4,6,4,7,1
371,10,22,15,19,10,6,39,0,34,0,3,32,4,0,2,19,38,15,25,1
372,26,116,50,42,23,8,143,0,82,0,8,94,36,4,11,40,100,28,118,3
373,15,38,21,44,2,2,44,0,36,1,10,91,6,0,4,6,24,2,52,0
374,2,6,4,39,5,0,15,0,27,0,8,39,1,0,3,2,17,9,14,1
375,2,1,6,17,1,2,6,0,20,0,3,19,0,0,1,1,6,2,13,2
376,4,4,12,1,0,1,10,0,20,0,1,17,5,0,0,1,3,1,19,0
377,35,48,43,87,5,3,83,0,169,2,11,141,44,1,13,43,67,14,84,6
378,0,2,7,4,2,2,10,0,9,0,1,14,1,0,2,2,7,2,13,1
379,5,10,8,15,4,3,22,0,26,0,4,23,0,0,3,8,20,7,21,2
380,5,9,14,6,0,0,24,0,10,1,4,16,3,0,0,1,8,0,26,2
381,5,8,11,18,3,0,22,0,25,2,1,37,2,1,2,3,15,2,22,1
382,0,3,7,4,2,2,8,0,8,1,1,11,1,0,1,2,9,2,9,1
383,1,1,4,9,0,0,1,0,11,0,1,14,0,0,1,2,2,1,3,1
384,3,6,5,12,2,0,18,0,22,0,1,23,3,0,3,6,12,4,20,0
385,7,6,7,13,4,1,10,0,21,0,1,19,2,0,1,4,8,4,10,0
386,14,72,44,22,32,61,139,0,56,0,15,82,8,2,6,52,112,25,63,6
387,9,7,26,26,2,0,27,0,49,1,3,63,1,1,3,4,14,4,38,3
388,1,4,4,8,4,3,15,0,12,1,1,13,0,0,0,10,15,5,6,0
389,3,3,7,2,0,0,7,0,7,0,3,9,1,0,0,1,2,0,7,1
390,1,2,6,4,6,3,6,0,7,0,0,9,0,0,5,3,10,6,8,1
391,12,15,48,58,9,1,30,0,82,0,3,95,9,1,3,14,24,9,36,1
392,5,10,10,15,0,4,31,0,30,0,7,20,6,0,1,3,15,2,23,3
393,5,34,4,2,6,1,32,0,13,1,3,11,7,0,3,7,28,3,20,0
394,0,4,8,2,0,1,11,0,6,0,1,9,1,0,0,0,9,0,11,1
395,8,14,15,11,7,10,36,0,16,2,4,33,1,1,3,11,30,9,28,2
396,2,4,5,9,3,0,12,0,14,0,0,12,1,0,2,3,10,3,12,0
397,15,65,22,16,3,5,65,0,39,0,7,57,13,0,1,9,55,4,59,1
398,2,9,0,1,2,0,13,0,4,0,0,4,6,0,0,6,8,2,7,0
399,24,9,23,27,2,0,19,0,67,4,6,77,14,1,2,10,11,5,37,2
400,3,19,11,19,125,26,38,0,89,0,4,29,4,0,28,42,83,109,15,1
401,2,8,9,19,10,3,13,0,29,0,8,75,0,0,6,10,23,19,10,0
402,1,6,8,3,0,0,16,0,5,0,1,10,0,0,0,0,5,0,12,0
403,4,4,9,8,3,2,10,0,22,0,3,18,2,0,0,4,9,2,6,0
404,5,15,13,20,14,2,39,0,60,0,1,24,1,1,7,19,36,18,17,3
405,21,29,35,10,3,5,36,0,12,0,7,56,4,4,0,6,21,3,44,1
406,23,75,42,51,15,9,96,0,121,1,8,103,23,2,11,41,92,23,78,4
407,13,21,19,21,28,10,26,0,37,5,5,41,1,2,5,27,29,21,26,1
408,5,10,11,11,3,3,19,0,21,0,5,23,1,0,3,6,15,6,21,3
409,5,19,16,28,10,3,38,0,51,0,6,42,5,1,9,19,37,17,23,3
410,2,4,1,6,1,0,6,0,7,0,0,9,1,0,1,3,7,2,9,0
411,0,2,1,6,1,1,4,0,13,0,1,8,3,0,1,1,3,0,5,0
412,8,9,17,15,1,2,15,0,19,2,8,38,3,1,1,0,9,2,20,0
413,0,1,5,7,2,3,6,0,8,0,2,13,1,0,2,2,5,2,11,1
414,5,13,23,33,13,2,33,0,57,1,4,54,3,1,14,16,27,20,37,4
415,1,8,8,13,2,2,15,0,26,1,1,25,4,0,3,4,13,4,9,3
416,1,4,7,3,1,0,9,0,5,0,4,15,3,1,1,2,5,1,13,0
417,7,5,6,3,0,0,5,0,9,0,0,16,8,1,0,2,2,1,14,2
418,2,11,6,13,7,2,12,0,31,0,1,18,1,0,8,9,14,13,13,0
419,4,4,0,5,0,0,7,0,5,0,1,9,4,0,1,0,3,0,10,0
420,5,8,17,5,2,2,19,0,15,1,0,22,3,0,2,2,9,2,27,3
421,0,9,3,7,1,0,9,0,17,0,0,8,1,0,1,20,19,7,2,0
422,15,22,31,48,7,0,22,0,94,40,12,140,18,2,8,24,26,11,25,3
423,2,8,5,5,3,1,21,0,10,0,3,7,0,0,2,2,17,5,18,1
424,1,8,4,6,1,2,20,0,15,0,6,14,4,0,1,5,11,6,12,2
425,3,12,15,4,2,0,24,0,17,0,2,14,4,0,1,2,12,2,23,0
426,4,5,11,7,1,1,5,0,15,0,2,24,3,1,1,6,8,3,11,0
427,8,8,13,6,1,0,21,0,15,0,7,21,5,2,4,8,20,5,19,4
428,17,39,45,60,9,1,50,0,241,0,10,83,37,1,13,30,35,25,49,5
429,0,6,5,10,5,0,10,0,18,0,2,12,1,0,4,4,6,6,3,1
430,7,17,10,26,7,3,32,0,60,0,0,24,8,0,3,15,26,18,21,0
431,30,18,65,66,1,4,77,0,77,0,20,149,4,4,0,13,32,4,93,1
432,3,5,4,7,1,1,7,0,10,0,3,10,2,0,0,1,6,1,6,0
433,1,3,7,10,3,1,11,0,20,0,2,19,2,0,2,2,9,5,12,3
434,2,4,8,16,3,2,10,0,19,0,3,25,1,1,2,4,10,5,9,2
435,3,7,5,2,9,6,14,0,11,0,6,18,1,0,0,9,15,9,5,1
436,4,11,7,14,6,8,14,0,25,0,1,20,2,0,2,10,16,8,8,0
437,12,16,27,73,12,4,28,0,101,2,10,136,4,0,3,24,35,15,27,0
438,268,301,494,940,104,19,654,0,1692,46,205,2119,272,66,256,262,533,270,791,148
439,28,43,52,72,19,1,97,0,168,8,25,197,14,4,27,43,89,36,83,12
440,10,30,20,15,2,1,29,0,24,0,6,47,5,1,3,2,11,3,32,3
441,1,5,7,4,3,2,13,0,9,0,2,9,1,0,2,1,13,3,14,1
442,3,4,8,2,1,5,10,0,6,0,0,10,0,0,0,5,8,1,9,1
443,4,9,3,4,1,0,8,0,10,0,1,14,1,0,1,2,5,1,6,1
444,0,5,4,3,3,2,9,0,6,0,0,9,3,0,3,4,10,4,7,0
445,1,2,7,7,2,2,13,0,10,0,3,15,2,0,2,2,8,5,10,3
446,17,44,43,32,10,4,74,0,81,0,9,82,17,3,9,26,66,19,69,5
447,4,17,18,44,18,3,38,0,103,0,7,59,4,0,14,20,41,26,19,4
448,6,1,14,21,6,3,6,0,25,0,3,39,3,1,5,4,5,9,23,1
449,11,33,19,12,28,8,51,0,52,4,3,33,19,1,5,26,45,19,38,0
450,6,38,8,47,50,21,49,1,103,0,7,57,6,0,23,51,88,57,18,2
451,6,9,21,39,7,3,36,0,49,1,5,79,3,1,8,13,20,16,40,4
452,7,15,21,15,4,3,43,0,24,1,6,43,5,0,5,6,22,5,43,5
453,11,43,18,67,18,7,72,0,87,0,8,95,2,0,8,24,77,26,28,4
454,3,7,6,33,5,3,12,0,37,0,4,33,2,0,11,6,11,8,7,0
455,51,138,134,148,53,3,270,0,401,7,28,335,161,4,55,95,195,147,244,24
456,39,32,26,44,15,8,38,0,64,1,9,93,44,3,8,18,37,19,69,0
457,5,0,22,31,0,1,11,0,42,0,6,102,1,0,0,4,8,1,12,1
458,2,10,5,32,27,7,25,0,48,0,3,30,1,0,21,28,33,40,12,1
459,3,13,17,10,2,0,29,0,34,2,4,27,12,0,2,13,17,6,24,2
460,1,2,2,14,2,0,3,0,21,3,2,25,3,0,1,2,4,3,7,1
461,2,3,9,7,4,3,10,0,10,0,4,18,0,0,3,2,9,5,14,1
462,3,12,8,7,3,0,15,0,19,1,4,24,3,1,1,4,13,4,5,1
463,14,23,34,26,11,6,50,0,65,1,4,58,5,1,6,22,37,14,37,7
464,0,5,7,4,2,2,11,0,8,0,3,10,1,0,2,1,11,2,11,1
465,0,3,4,4,2,1,8,0,10,0,0,7,4,0,0,1,3,0,4,0
466,1,4,1,4,3,0,4,0,9,0,0,9,3,0,2,5,5,7,5,1
467,2,3,2,15,7,1,5,0,30,0,0,12,2,0,3,13,15,19,3,0
468,6,62,16,33,11,0,55,0,134,4,7,43,15,0,11,24,51,26,36,3
469,16,55,42,48,11,2,88,0,102,1,18,96,34,3,16,32,74,19,69,12
470,4,1,11,9,2,1,7,0,15,0,3,23,0,2,2,0,3,1,7,0
471,18,17,26,44,1,0,28,0,65,2,6,95,8,6,3,12,20,1,39,2
472,1,7,5,2,0,1,11,0,6,0,3,10,1,0,0,2,5,0,9,1
473,0,1,6,10,3,1,4,0,14,1,3,25,1,0,3,3,5,4,8,1
474,0,3,5,21,5,0,7,0,69,0,3,21,0,0,8,13,11,12,2,1
475,14,33,28,79,51,9,79,0,115,0,7,100,11,0,32,49,97,62,62,2
476,0,0,8,3,2,2,8,0,15,0,0,8,1,0,3,3,8,5,10,1
477,4,9,4,3,1,0,8,0,11,0,1,4,4,0,1,2,8,1,9,1
478,2,4,3,13,0,0,4,0,17,0,3,13,2,1,3,4,4,0,3,1
479,17,56,52,40,11,13,96,0,88,2,11,91,16,1,8,26,65,15,76,1
480,4,5,2,8,2,6,12,0,9,5,0,5,2,1,0,6,11,2,6,2
481,21,11,35,48,7,1,23,0,56,3,17,99,8,10,16,14,23,9,36,7
482,8,15,18,31,4,3,33,0,44,0,5,54,5,0,4,8,23,7,39,4
483,6,8,15,30,2,0,10,0,35,0,13,94,0,1,4,3,10,5,8,5
484,6,7,19,22,1,0,11,0,36,1,2,51,2,3,1,1,5,1,12,3
485,0,2,3,8,1,0,2,0,23,0,1,6,0,0,2,3,2,2,1,0
486,11,11,24,43,6,6,16,0,62,0,4,54,3,5,5,15,18,8,18,0
487,5,16,10,5,3,7,34,0,8,0,2,15,2,0,1,4,21,4,19,0
488,0,4,5,5,12,4,5,0,18,0,0,15,0,0,7,9,16,13,4,0
489,2,5,5,11,3,0,10,0,11,1,2,17,1,0,1,7,10,4,9,0
490,12,43,25,21,14,12,75,0,46,1,8,51,10,2,10,26,64,18,56,1
491,3,3,6,2,2,1,6,0,5,0,2,8,2,0,0,2,5,2,11,1
492,9,11,19,35,3,2,24,0,41,2,8,70,3,2,3,7,15,10,33,4
493,0,10,2,3,0,0,14,0,2,0,3,5,1,0,0,1,8,0,9,0
494,1,42,16,25,8,11,62,0,45,0,4,37,3,0,4,21,63,12,36,3
495,52,169,72,76,60,12,212,0,173,13,33,237,64,9,38,95,182,59,165,17
496,4,19,10,14,4,4,31,0,28,2,5,34,2,0,7,7,29,9,25,0
497,10,30,10,12,7,3,44,0,33,0,6,27,8,0,2,10,35,12,27,2
498,7,7,14,4,1,4,14,0,8,1,3,19,5,1,0,3,11,1,16,2
499,0,2,4,7,1,0,7,0,14,0,0,15,2,0,1,3,6,3,3,0
500,1,4,6,2,3,0,11,0,9,0,0,5,2,0,0,1,10,3,9,0
501,10,10,13,17,3,3,22,0,22,0,5,47,5,0,2,3,13,3,29,0
502,3,3,0,2,1,0,2,0,6,0,0,6,11,0,0,2,2,1,9,0
503,6,10,4,15,1,1,6,0,10,0,4,28,0,0,1,4,7,2,10,0
504,2,14,2,3,2,2,18,0,8,0,1,8,2,0,1,2,19,3,11,1
505,1,0,2,10,2,0,3,0,22,0,2,11,2,0,4,8,6,4,4,0
506,53,156,126,127,25,5,322,0,326,4,89,303,48,9,36,72,223,43,229,48
507,5,12,5,16,3,1,17,0,29,1,3,15,2,0,4,4,18,3,12,1
508,15,47,24,31,15,4,69,0,88,0,5,49,23,0,8,20,56,22,64,6
509,17,51,35,31,6,4,81,0,74,1,8,93,14,0,4,18,52,9,63,4
510,1,3,3,4,1,0,7,0,14,0,2,8,2,0,0,1,3,0,3,2
511,1,5,3,4,1,0,14,0,9,1,2,10,3,0,0,2,11,1,3,0
512,7,21,18,17,5,0,57,0,45,0,8,41,9,1,3,29,55,14,29,6
513,54,87,132,83,18,50,201,0,164,2,15,235,36,3,18,60,108,36,188,8
514,3,6,4,10,3,0,13,0,16,0,0,12,0,0,3,5,12,4,15,0
515,3,4,10,5,6,3,8,0,10,0,0,11,3,0,4,4,9,6,12,0
516,1,2,3,5,29,1,3,0,10,0,0,9,1,0,16,13,16,26,1,0
517,7,3,21,18,1,0,5,0,20,9,4,58,1,2,0,2,2,1,18,0
518,21,17,12,2,3,0,20,0,28,1,1,19,92,0,4,11,7,6,63,0
519,7,15,18,16,2,0,24,0,45,1,4,34,6,1,0,10,19,4,27,0
520,1,2,3,8,0,0,4,0,10,0,0,7,2,0,1,2,3,2,6,0
521,1,3,1,10,0,0,3,0,12,0,0,12,2,0,0,1,1,1,4,0
522,0,3,0,3,11,0,2,0,33,0,1,5,2,0,7,14,17,33,1,0
523,10,45,28,49,14,3,75,0,80,1,12,84,15,0,11,28,56,25,53,8
524,29,48,66,46,9,8,106,0,94,18,9,110,19,1,7,20,59,10,107,3
525,12,57,8,20,6,0,87,0,58,0,6,32,64,0,9,52,97,28,51,3
526,108,152,301,202,30,38,362,0,580,156,63,724,90,13,30,95,201,45,395,26
527,11,19,21,16,7,1,22,0,34,0,2,30,10,0,7,14,19,12,27,0
528,5,14,14,9,1,1,21,0,16,0,5,31,3,0,1,3,15,2,19,2
529,19,45,49,21,8,2,76,0,61,1,9,75,13,2,2,17,39,8,72,2
530,11,12,20,18,3,2,30,0,39,1,4,34,9,0,3,7,17,9,29,2
531,2,22,11,6,0,0,63,0,12,0,4,22,1,0,1,4,35,2,25,1
532,3,2,3,7,0,0,3,0,6,0,1,15,2,2,2,1,3,0,4,0
533,1,2,3,7,1,0,8,0,9,8,1,3,1,0,0,4,7,1,4,2
534,15,51,32,35,62,3,78,0,77,0,8,76,14,1,11,42,74,40,50,4
535,22,35,58,94,29,6,79,0,175,8,16,207,20,0,28,48,66,39,75,3
536,2,3,3,8,0,0,10,0,10,0,0,7,1,0,0,3,6,0,12,0
537,3,6,6,6,1,1,10,0,6,1,1,15,0,0,0,2,6,1,9,1
538,24,57,84,49,18,12,119,0,88,5,30,169,17,2,10,27,81,28,108,2
539,8,112,21,23,13,2,72,0,83,2,5,47,26,1,9,18,51,16,51,2
540,35,124,63,74,14,2,179,0,144,4,13,169,32,3,13,48,129,27,147,8
541,5,5,7,9,4,1,8,0,23,0,1,15,5,0,3,6,11,6,11,0
542,3,1,4,4,3,0,6,0,7,0,3,12,3,1,1,1,6,3,4,1
543,6,3,16,34,3,0,8,0,48,0,5,51,2,1,2,6,11,5,17,0
544,19,69,79,98,44,1,119,0,322,1,10,173,41,2,23,58,85,70,108,13
545,2,2,2,24,9,2,12,0,29,0,1,29,0,0,7,9,18,18,9,4
546,14,16,16,25,4,3,28,0,37,1,22,70,12,8,6,13,28,10,27,4
547,11,7,20,15,2,3,23,0,39,5,15,78,3,0,3,3,11,4,23,3
548,7,12,6,33,6,2,14,0,37,1,3,54,3,0,8,11,15,15,15,3
549,25,4,14,30,1,0,18,0,28,0,8,98,2,1,3,12,16,6,25,3
550,2,11,7,11,3,0,12,0,24,1,2,34,2,1,3,4,10,10,11,1
551,20,9,18,12,1,0,15,0,19,0,2,28,9,5,1,6,15,2,40,0
552,0,7,11,21,4,3,18,0,44,0,5,32,2,0,5,11,19,11,14,5
553,4,4,1,2,5,0,5,0,7,0,0,11,5,0,2,2,9,6,6,1
554,2,3,5,11,3,1,3,0,18,4,2,19,1,0,1,3,4,4,4,0
555,57,78,120,103,13,5,186,0,210,14,23,266,32,5,12,61,116,20,170,10
556,16,15,34,16,5,0,24,0,31,6,6,67,7,6,3,6,19,5,35,0
557,1,5,3,2,3,0,8,0,14,0,0,2,9,0,3,7,6,4,6,0
558,10,6,17,16,5,2,12,0,18,1,7,64,2,5,0,3,9,2,19,3
559,4,3,7,2,1,1,11,0,3,0,4,11,2,0,1,2,7,0,11,1
560,2,4,2,3,1,1,8,0,5,0,4,11,5,0,2,1,4,1,7,0
561,0,0,3,7,0,0,3,0,12,0,1,12,1,0,1,2,2,2,4,0
562,1,12,0,5,0,3,13,0,9,0,0,3,2,0,1,0,11,1,8,1
563,5,6,11,15,9,3,14,0,31,0,3,34,3,0,3,9,17,12,13,1
564,5,7,8,1,2,2,10,0,8,1,0,7,10,0,0,2,2,0,17,0
565,3,5,9,3,5,0,6,0,23,0,4,23,2,0,1,8,8,6,9,0
566,7,18,16,8,0,0,42,0,18,0,4,21,5,2,2,6,22,0,29,2
567,15,16,40,14,6,4,53,0,38,0,7,51,4,0,1,10,35,11,47,1
568,2,4,2,5,0,0,10,0,8,0,2,5,1,0,1,3,6,0,4,3
569,2,1,6,6,2,0,7,0,11,0,1,14,1,0,0,3,3,2,7,0
570,2,3,4,8,4,0,2,0,20,0,1,10,0,1,0,2,4,5,3,0
571,2,5,5,10,2,0,12,0,13,0,1,18,0,0,2,4,10,4,17,0
572,26,29,48,6,3,5,49,0,28,7,9,66,7,3,0,9,26,3,70,1
573,1,0,2,6,0,0,1,0,16,0,1,12,0,0,0,2,3,2,3,1
574,9,5,5,4,0,2,12,0,5,0,1,11,40,0,0,5,2,0,27,0
575,13,39,30,37,21,2,47,0,75,4,20,78,13,6,13,24,51,24,39,6
576,4,4,7,14,4,2,3,0,18,0,1,23,1,1,5,4,8,4,5,1
577,1,3,0,8,12,3,8,0,10,0,0,12,2,0,9,8,18,13,2,0
578,2,1,3,6,1,0,2,0,22,1,1,2,0,0,1,4,3,1,2,0
579,1,2,6,10,0,0,6,0,10,0,1,16,0,0,1,2,4,1,11,0
580,36,21,88,145,1,1,97,0,116,0,60,412,10,7,14,15,65,8,110,47
581,3,9,7,5,2,2,14,0,4,1,1,16,2,1,0,4,11,3,12,0
582,3,5,6,10,3,3,16,0,24,0,3,17,0,0,3,4,17,6,18,3
583,60,76,127,150,7,6,181,0,216,8,50,427,39,2,15,46,118,18,202,16
584,7,15,26,27,9,3,39,0,46,2,6,50,3,0,7,15,28,15,35,5
585,7,27,16,20,1,1,94,0,25,0,7,31,2,0,3,8,46,5,64,3
586,5,7,15,84,4,1,5,0,137,1,9,124,0,0,3,19,15,11,10,0
587,2,6,9,9,4,2,9,0,9,0,2,23,1,0,2,5,11,6,6,1
588,1,10,1,33,7,3,10,0,54,0,4,29,0,0,6,10,21,18,6,2
589,25,22,59,69,13,8,39,0,154,47,19,192,14,7,10,26,34,31,62,5
590,2,3,1,7,0,0,4,0,6,0,2,17,0,0,0,2,3,0,4,0
591,59,100,117,161,75,14,179,0,361,9,36,326,45,12,59,103,190,121,164,14
592,0,5,7,2,2,2,12,0,11,0,0,6,3,0,2,4,11,3,8,3
593,2,6,12,9,3,3,19,0,17,0,3,20,2,0,3,4,15,5,22,1
594,10,8,13,3,0,0,14,0,10,0,3,14,6,1,0,1,5,0,19,0
595,1,23,9,9,2,0,42,0,18,0,2,19,2,0,3,10,40,5,27,2
596,9,23,35,15,8,5,66,0,41,4,20,86,5,1,2,13,48,12,48,8
597,0,0,2,1,3,1,8,0,4,0,2,10,0,0,2,4,9,2,5,1
598,32,42,75,64,27,10,85,0,187,4,22,183,16,12,13,36,67,21,80,10
599,17,50,29,23,17,7,79,0,69,1,11,51,30,1,12,32,64,26,51,3
600,7,32,22,27,32,0,34,0,116,2,18,67,7,0,23,37,56,20,12,4
601,2,6,10,5,5,3,17,0,12,0,3,15,1,0,5,4,12,6,19,1
602,0,2,4,2,2,0,7,0,10,0,1,10,1,0,1,3,7,1,5,0
603,1,2,2,8,5,1,9,0,17,0,2,8,1,0,0,4,11,5,1,0
604,40,74,84,25,16,8,177,0,87,1,25,128,57,5,5,42,102,18,153,10
605,4,19,9,5,3,1,17,0,24,0,2,21,11,1,4,5,13,4,23,2
606,4,0,4,7,2,0,3,0,5,0,1,12,1,1,2,1,1,2,5,0
607,13,26,27,34,17,3,58,0,71,1,8,72,7,0,12,23,48,32,57,6
608,0,4,3,4,0,0,7,0,8,0,0,11,3,0,0,2,3,1,6,1
609,3,21,13,28,8,4,34,0,63,1,5,47,11,0,10,23,38,14,28,4
610,6,25,12,9,7,5,51,0,33,1,6,32,9,0,3,14,40,15,35,2
611,4,4,13,5,6,4,9,0,4,0,3,20,0,0,0,3,4,0,9,1
612,9,28,33,28,3,1,79,0,54,0,10,63,6,0,0,9,38,4,58,4
613,6,5,8,8,4,0,14,0,24,0,0,26,5,0,0,3,12,4,15,0
614,3,13,14,8,2,3,35,0,19,0,2,16,3,0,2,6,20,4,26,1
615,38,44,42,43,32,2,51,0,115,3,13,102,42,8,36,36,46,41,89,8
616,40,124,84,88,11,4,157,0,194,10,14,225,41,6,10,50,115,12,141,3
617,9,1,13,12,0,0,3,0,14,1,6,29,2,4,1,1,5,0,13,1
618,3,4,11,15,6,0,19,0,38,1,7,24,1,0,2,2,13,6,9,3
619,18,39,38,27,6,0,88,0,92,0,8,61,37,1,5,35,61,20,67,8
620,6,16,29,25,2,2,53,0,77,0,5,38,10,0,2,12,32,6,51,5
621,2,1,5,9,1,0,4,0,9,0,2,13,0,0,1,2,5,4,7,0
622,4,7,9,6,0,0,12,0,7,0,0,16,2,0,0,1,5,1,9,2
623,8,28,30,62,10,1,36,0,122,3,8,106,9,1,18,25,38,17,29,3
624,19,46,59,35,17,0,96,0,65,2,14,123,33,5,12,31,58,16,89,10
625,2,6,8,7,0,3,19,0,9,0,13,28,1,0,0,5,13,2,13,0
626,5,14,13,15,0,1,28,0,22,0,3,35,5,0,0,5,15,2,31,3
627,3,3,0,4,3,1,6,0,7,0,3,9,3,0,1,6,7,4,8,1
628,0,13,11,6,0,0,34,0,6,0,4,16,1,0,1,2,19,2,14,3
629,6,1,14,0,1,0,1,0,3,0,2,7,1,13,0,2,1,1,10,1
630,3,5,15,4,1,0,25,0,13,0,2,21,2,1,1,5,20,1,21,12
631,14,25,30,6,5,7,47,0,19,2,27,77,12,0,3,9,24,3,36,5
632,3,3,6,6,1,0,7,0,15,1,1,16,2,0,1,3,7,2,16,0
633,3,2,4,5,0,0,7,0,9,0,0,10,1,0,0,0,6,1,13,0
634,7,7,17,21,10,0,6,0,89,1,1,30,5,0,7,10,15,16,13,0
635,0,0,4,17,2,0,3,0,15,1,4,23,0,0,1,3,2,1,2,0
636,7,124,20,31,5,2,124,0,101,0,38,75,7,1,7,22,82,6,53,6
637,5,5,12,11,6,2,8,0,19,1,6,47,1,2,0,8,7,3,8,2
638,20,49,41,22,15,7,93,0,66,2,17,88,15,1,5,22,71,15,74,4
639,0,4,5,16,1,0,9,0,43,1,4,21,1,0,2,4,5,3,2,1
640,3,12,7,9,4,0,25,0,26,0,1,14,3,0,4,5,18,5,22,0
641,0,2,3,3,0,1,7,0,10,0,2,11,0,0,0,1,5,2,7,1
642,5,16,4,2,3,1,13,0,8,0,6,18,8,0,3,3,8,3,14,1
643,25,69,71,49,24,10,145,0,117,6,23,125,26,4,12,52,103,26,106,1
644,8,10,17,41,8,2,33,0,56,0,1,32,5,2,8,20,28,12,25,0
645,3,51,4,0,4,0,23,0,14,0,2,16,7,1,0,2,23,1,16,0
646,8,14,19,25,7,2,16,0,38,3,4,60,2,1,10,7,12,11,25,2
647,8,31,25,17,7,4,59,0,50,1,8,55,5,0,1,8,44,9,41,2
648,11,18,25,15,5,4,21,0,33,3,3,37,6,0,0,10,16,3,21,1
649,5,20,6,16,86,6,17,0,43,1,1,24,5,0,29,42,52,68,8,2
650,2,5,6,1,2,0,7,0,7,0,1,7,0,0,0,1,5,1,6,0
651,8,15,16,10,28,0,26,0,16,0,6,46,5,6,1,17,24,6,20,3
652,5,5,11,10,4,1,12,0,15,2,2,27,0,1,2,12,13,5,10,0
653,41,83,86,172,75,20,150,0,291,9,29,315,23,9,50,100,171,106,112,27
654,3,17,9,3,7,8,25,0,8,0,3,14,2,0,0,8,19,4,9,0
655,62,103,75,57,38,20,94,0,103,23,18,202,16,9,14,52,81,26,118,3
656,3,11,12,17,3,3,25,0,27,0,6,28,1,0,3,7,18,8,24,3
657,11,21,27,25,4,0,30,0,76,4,3,56,10,2,6,15,30,3,20,2
658,2,11,9,6,4,3,21,0,21,0,1,9,0,0,3,6,17,7,14,1
659,1,5,3,6,10,0,3,0,24,0,0,16,2,0,2,4,9,8,4,0
660,2,3,4,10,3,3,8,0,13,0,3,9,2,0,3,5,7,5,10,0
661,1,1,0,22,0,0,2,0,14,0,1,15,0,0,1,2,2,0,2,0
662,4,2,1,10,0,0,4,0,9,0,2,19,0,1,1,0,1,1,8,0
663,20,31,44,28,25,27,69,0,103,12,14,104,5,6,15,37,78,23,48,6
664,12,4,25,43,1,1,15,0,66,0,4,101,4,1,4,10,8,3,34,0
665,0,2,5,7,1,1,8,0,10,0,3,8,1,0,1,1,6,3,5,2
666,1,1,1,22,0,0,2,0,18,1,0,16,2,0,6,5,2,1,0,0
667,2,5,8,7,3,2,13,0,12,0,4,14,6,1,1,7,11,3,8,2
668,2,3,3,5,0,0,8,0,7,0,2,13,2,0,0,2,8,2,4,0
669,4,6,6,5,1,0,10,0,12,0,1,10,0,0,1,4,10,2,12,1
670,1,4,10,12,2,1,13,0,16,0,3,20,2,0,2,3,8,3,16,0
671,63,202,113,84,46,32,219,0,209,17,44,317,72,8,15,68,160,30,200,19
672,3,5,5,4,2,0,6,0,6,0,1,13,3,0,2,0,0,2,9,1
673,10,11,16,4,2,1,26,0,15,0,6,27,8,0,0,4,14,2,30,1
674,35,58,49,70,6,1,72,0,101,0,33,185,20,11,22,18,57,15,79,27
675,2,9,2,2,3,0,6,0,8,0,0,6,1,0,2,7,9,5,3,0
676,2,3,7,2,2,1,9,0,7,1,1,6,1,0,1,2,8,2,13,0
677,9,14,17,62,14,8,29,0,117,8,1,53,15,0,9,20,28,23,31,0
678,16,10,39,53,1,1,53,0,75,12,18,152,1,0,4,13,32,7,45,6
679,3,4,16,9,1,1,22,0,14,0,4,19,3,0,1,1,11,2,26,3
680,12,4,31,34,11,0,19,0,51,3,4,77,4,1,9,11,20,8,33,0
681,2,11,13,17,2,1,21,0,26,0,6,23,1,1,3,4,14,2,10,1
682,11,3,36,4,0,0,9,0,20,0,0,32,2,2,1,1,2,0,31,1
683,13,26,27,16,6,3,53,0,18,0,12,63,11,0,1,14,36,7,50,4
684,3,6,8,5,2,2,12,0,12,0,3,14,1,0,2,3,10,4,12,2
685,42,147,69,134,66,13,163,0,217,7,22,186,104,4,25,80,146,54,156,5
686,30,74,73,38,24,19,133,0,111,3,16,126,27,2,9,43,96,27,119,4
687,5,4,17,15,3,3,28,0,28,0,7,35,1,0,4,5,17,6,34,5
688,4,4,11,8,0,3,11,0,17,0,2,21,5,0,1,3,2,2,17,0
689,0,3,2,12,3,0,10,0,17,0,4,15,1,0,1,4,9,3,7,0
690,10,23,38,53,6,3,63,0,83,3,7,100,5,1,6,15,31,13,59,7
691,2,7,9,9,4,3,17,0,20,0,3,16,1,0,3,5,13,7,19,2
692,4,10,9,21,5,3,18,0,30,0,4,28,1,0,5,7,16,8,20,1
693,38,37,84,105,7,16,103,0,148,0,29,233,23,2,6,27,65,12,138,6
694,2,12,10,3,5,2,14,0,17,0,0,11,7,0,2,4,16,8,11,1
695,47,153,95,112,53,27,213,0,246,52,58,353,44,3,46,87,190,82,163,15
696,3,8,1,5,1,0,6,0,11,0,0,12,2,0,2,17,15,7,2,0
697,30,118,79,86,56,19,187,0,251,0,21,184,19,1,33,81,163,99,145,7
698,32,47,39,107,60,2,77,0,207,0,15,103,36,6,72,74,114,125,58,9
699,5,6,13,16,4,1,9,0,22,2,2,35,2,0,3,7,7,7,20,1
700,7,19,21,24,8,3,42,0,76,0,2,43,6,1,7,13,30,13,43,2
701,0,3,6,6,2,1,9,0,5,0,0,8,1,0,2,3,7,3,8,1
702,15,20,31,37,5,1,18,0,50,3,23,105,14,16,10,8,24,7,29,5
703,2,5,8,8,1,0,6,0,23,0,3,28,1,0,2,6,6,2,8,0
704,6,11,10,2,3,1,22,0,13,0,3,14,4,0,1,4,16,3,12,1
705,6,26,27,28,3,2,35,0,73,4,5,67,16,2,3,15,25,6,39,1
706,2,2,3,8,1,0,3,0,21,0,1,20,1,0,0,4,5,4,4,0
707,18,15,31,30,7,1,16,0,67,3,8,99,12,1,10,15,22,21,28,2
708,12,12,16,48,36,6,33,0,68,0,8,66,7,0,27,37,52,54,24,4
709,1,0,8,6,0,0,4,0,8,0,1,19,1,2,1,1,3,2,7,0
710,4,6,5,5,0,0,6,0,3,0,0,9,1,0,0,0,5,1,11,0
711,13,23,37,46,17,2,42,0,87,7,18,120,14,5,13,23,44,21,42,2
712,49,45,61,61,17,0,45,0,149,10,20,178,52,15,24,34,63,35,108,10
713,0,5,5,3,2,2,11,0,6,0,3,10,0,0,2,1,11,2,11,1
714,6,1,16,16,0,0,1,0,22,1,0,56,2,3,1,3,2,1,12,3
715,8,13,15,5,1,5,20,0,15,0,3,19,3,0,0,3,10,1,16,3
716,2,3,12,2,1,0,4,0,17,0,2,19,0,0,0,0,3,0,15,0
717,16,24,17,22,11,1,37,0,70,0,6,48,29,0,10,20,36,23,45,0
718,10,42,44,55,40,12,84,0,155,0,7,87,22,0,19,51,92,52,60,2
